#
# TABLE STRUCTURE FOR: users
#

DROP TABLE IF EXISTS `users`;

CREATE TABLE `users` (
  `id` bigint(20) unsigned NOT NULL AUTO_INCREMENT,
  `firstname` varchar(50) COLLATE utf8mb4_unicode_ci DEFAULT NULL,
  `lastname` varchar(50) COLLATE utf8mb4_unicode_ci DEFAULT NULL,
  `mail` varchar(120) COLLATE utf8mb4_unicode_ci DEFAULT NULL,
  `phone` bigint(20) unsigned DEFAULT NULL,
  `gender` char(1) COLLATE utf8mb4_unicode_ci DEFAULT NULL,
  `birthday` date DEFAULT NULL,
  `photo_id` bigint(20) unsigned DEFAULT NULL,
  `hometown` varchar(100) COLLATE utf8mb4_unicode_ci DEFAULT NULL,
  `password_hash` varchar(100) COLLATE utf8mb4_unicode_ci DEFAULT NULL,
  `created_at` datetime DEFAULT current_timestamp(),
  PRIMARY KEY (`id`),
  UNIQUE KEY `mail` (`mail`),
  UNIQUE KEY `phone` (`phone`),
  KEY `users_name_idx` (`firstname`,`lastname`)
) ENGINE=InnoDB AUTO_INCREMENT=2001 DEFAULT CHARSET=utf8mb4 COLLATE=utf8mb4_unicode_ci;

INSERT INTO `users` (`id`, `firstname`, `lastname`, `mail`, `phone`, `gender`, `birthday`, `photo_id`, `hometown`, `password_hash`, `created_at`) VALUES ('1001', 'Lyda', 'Jenkins', 'ljerde@example.org', '374', 'f', '1986-05-20', NULL, 'Dickensfurt', 'cac98dc926f4964a11af5fc9c230f29c83c3a770', '2020-07-07 03:10:15');
INSERT INTO `users` (`id`, `firstname`, `lastname`, `mail`, `phone`, `gender`, `birthday`, `photo_id`, `hometown`, `password_hash`, `created_at`) VALUES ('1002', 'Verda', 'Blick', 'xabbott@example.org', '833', 'm', '2011-08-14', NULL, 'Daronstad', 'd3e7c4903876eef15fcd43a2430976b969631785', '1981-09-07 08:33:00');
INSERT INTO `users` (`id`, `firstname`, `lastname`, `mail`, `phone`, `gender`, `birthday`, `photo_id`, `hometown`, `password_hash`, `created_at`) VALUES ('1003', 'Tia', 'Prosacco', 'raynor.matteo@example.org', '1', 'm', '2019-07-18', NULL, 'Port Kaitlin', 'c6a05a438ed93439010945e1a74d98375b28eb99', '1999-04-05 04:32:20');
INSERT INTO `users` (`id`, `firstname`, `lastname`, `mail`, `phone`, `gender`, `birthday`, `photo_id`, `hometown`, `password_hash`, `created_at`) VALUES ('1005', 'Corbin', 'Hyatt', 'braxton.maggio@example.org', '929338', 'f', '2007-12-30', NULL, 'Danykastad', '1e36fc055794258a677bad389b2874828cd3e430', '2007-02-16 16:52:16');
INSERT INTO `users` (`id`, `firstname`, `lastname`, `mail`, `phone`, `gender`, `birthday`, `photo_id`, `hometown`, `password_hash`, `created_at`) VALUES ('1006', 'Madison', 'Welch', 'floy.cruickshank@example.org', '9366410464', 'f', '2014-11-13', NULL, 'Zettaville', '7fa67e066fa36b5f553170dc76f67a1343bc735a', '1984-04-01 16:54:08');
INSERT INTO `users` (`id`, `firstname`, `lastname`, `mail`, `phone`, `gender`, `birthday`, `photo_id`, `hometown`, `password_hash`, `created_at`) VALUES ('1007', 'Dariana', 'Ernser', 'feest.francesco@example.org', '703', 'f', '1972-12-10', NULL, 'South Forestview', 'a500ed6650216b7c23c5c2eb25fecff54dd6a4d7', '1970-06-18 17:16:48');
INSERT INTO `users` (`id`, `firstname`, `lastname`, `mail`, `phone`, `gender`, `birthday`, `photo_id`, `hometown`, `password_hash`, `created_at`) VALUES ('1009', 'Dean', 'Huels', 'leffler.reva@example.org', '0', 'm', '1997-04-30', NULL, 'D\'Amorefort', '13c57cd1f944b234ed654779a10f97138c620090', '2009-04-23 22:07:49');
INSERT INTO `users` (`id`, `firstname`, `lastname`, `mail`, `phone`, `gender`, `birthday`, `photo_id`, `hometown`, `password_hash`, `created_at`) VALUES ('1011', 'Jolie', 'Sanford', 'monahan.polly@example.org', '617683', 'm', '2012-01-14', NULL, 'Alfonzobury', 'eace9b757daa893627ac4bf6bdea9170f9f5dc76', '2021-03-16 04:49:42');
INSERT INTO `users` (`id`, `firstname`, `lastname`, `mail`, `phone`, `gender`, `birthday`, `photo_id`, `hometown`, `password_hash`, `created_at`) VALUES ('1016', 'Maddison', 'Hauck', 'swift.priscilla@example.net', '677363', 'm', '1988-03-02', NULL, 'Kuhicfurt', '9f3ce296eeff78c25327801251edc8a5b03b091f', '2011-03-05 18:47:58');
INSERT INTO `users` (`id`, `firstname`, `lastname`, `mail`, `phone`, `gender`, `birthday`, `photo_id`, `hometown`, `password_hash`, `created_at`) VALUES ('1017', 'Kurtis', 'Grimes', 'fisher.rafaela@example.com', '781462', 'm', '1975-06-26', NULL, 'Lilianemouth', '9aac6e82a36c54768a814f1ed26330b4b73eecd0', '1976-05-09 05:19:32');
INSERT INTO `users` (`id`, `firstname`, `lastname`, `mail`, `phone`, `gender`, `birthday`, `photo_id`, `hometown`, `password_hash`, `created_at`) VALUES ('1018', 'Augusta', 'Gorczany', 'avery19@example.net', '2715514871', 'f', '2000-10-31', NULL, 'Stoltenbergstad', '0bed29a82ebe717433d0b9463bb41cb0f1ed6bbc', '1998-10-27 02:06:08');
INSERT INTO `users` (`id`, `firstname`, `lastname`, `mail`, `phone`, `gender`, `birthday`, `photo_id`, `hometown`, `password_hash`, `created_at`) VALUES ('1021', 'Yasmeen', 'Hoeger', 'ykemmer@example.net', '446', 'm', '2018-06-30', NULL, 'Jeremieville', '04cb0fe895b2bf664694ac5bcddc37c480ea3392', '1979-07-09 03:46:29');
INSERT INTO `users` (`id`, `firstname`, `lastname`, `mail`, `phone`, `gender`, `birthday`, `photo_id`, `hometown`, `password_hash`, `created_at`) VALUES ('1022', 'Bridget', 'Padberg', 'nhaley@example.org', '301638', 'm', '2008-07-28', NULL, 'Brentside', '5df090d227a40f7e43bdcedf9c5315fdb9e873dd', '2001-05-13 06:22:35');
INSERT INTO `users` (`id`, `firstname`, `lastname`, `mail`, `phone`, `gender`, `birthday`, `photo_id`, `hometown`, `password_hash`, `created_at`) VALUES ('1023', 'Carlotta', 'Kessler', 'octavia61@example.com', '528401', 'm', '1988-04-01', NULL, 'Nataliefort', 'de9a8209f71d2dfc00d4d9517065ec0f2dfa3b6f', '1997-09-08 11:57:03');
INSERT INTO `users` (`id`, `firstname`, `lastname`, `mail`, `phone`, `gender`, `birthday`, `photo_id`, `hometown`, `password_hash`, `created_at`) VALUES ('1024', 'Wallace', 'Kirlin', 'adolph40@example.net', '342', 'f', '2002-08-05', NULL, 'Raymondshire', '9aba7632442934e6ff699a803bd25cb7c632f4d4', '1995-04-23 10:49:30');
INSERT INTO `users` (`id`, `firstname`, `lastname`, `mail`, `phone`, `gender`, `birthday`, `photo_id`, `hometown`, `password_hash`, `created_at`) VALUES ('1026', 'Amber', 'Wisoky', 'olaf44@example.net', '710', 'f', '2015-07-07', NULL, 'Estaport', '1f19b5ddb25c1a0cae72918279de8a772fb9c8f5', '1980-05-04 18:11:20');
INSERT INTO `users` (`id`, `firstname`, `lastname`, `mail`, `phone`, `gender`, `birthday`, `photo_id`, `hometown`, `password_hash`, `created_at`) VALUES ('1027', 'Stanley', 'Feil', 'arlie.lynch@example.org', '23', 'm', '1987-01-06', NULL, 'North Ashaview', 'f973f4d650dcc54ff79dca9a25cb3354f7c60dda', '1997-10-18 04:25:55');
INSERT INTO `users` (`id`, `firstname`, `lastname`, `mail`, `phone`, `gender`, `birthday`, `photo_id`, `hometown`, `password_hash`, `created_at`) VALUES ('1034', 'Alfredo', 'Nienow', 'wyman.lily@example.com', '39', 'f', '1984-05-04', NULL, 'Brendaside', '5b9f7aac6e47ba64101879cdb8b5e25dc14a4be2', '1974-06-18 07:40:55');
INSERT INTO `users` (`id`, `firstname`, `lastname`, `mail`, `phone`, `gender`, `birthday`, `photo_id`, `hometown`, `password_hash`, `created_at`) VALUES ('1036', 'Korey', 'Hirthe', 'xmetz@example.org', '111', 'm', '1979-05-20', NULL, 'Nyaberg', '1df69849fb761d8628a4729fce0e4aa8394a27ba', '2016-10-30 11:44:06');
INSERT INTO `users` (`id`, `firstname`, `lastname`, `mail`, `phone`, `gender`, `birthday`, `photo_id`, `hometown`, `password_hash`, `created_at`) VALUES ('1037', 'Ali', 'Yundt', 'ankunding.hannah@example.org', '636602829', 'f', '2013-03-25', NULL, 'Marilyneborough', 'a99311d6b794e7b4cd598e6b68bd0a40286ab915', '1982-11-11 13:43:26');
INSERT INTO `users` (`id`, `firstname`, `lastname`, `mail`, `phone`, `gender`, `birthday`, `photo_id`, `hometown`, `password_hash`, `created_at`) VALUES ('1038', 'Jeff', 'Gorczany', 'schaefer.koby@example.org', '5018633484', 'f', '2008-11-27', NULL, 'Lake Agnesburgh', 'fa04b0b61beaaa338ce664b4461ad3449f005108', '2009-05-18 14:03:02');
INSERT INTO `users` (`id`, `firstname`, `lastname`, `mail`, `phone`, `gender`, `birthday`, `photo_id`, `hometown`, `password_hash`, `created_at`) VALUES ('1039', 'Magdalen', 'Rice', 'sophia77@example.com', '38', 'm', '2000-12-21', NULL, 'West Americashire', '649c7396c1426a14a176f3d9dbb5f70350c2a5f2', '1976-08-25 23:24:20');
INSERT INTO `users` (`id`, `firstname`, `lastname`, `mail`, `phone`, `gender`, `birthday`, `photo_id`, `hometown`, `password_hash`, `created_at`) VALUES ('1041', 'Nathanial', 'Swift', 'haleigh.stark@example.net', '511', 'f', '2002-05-22', NULL, 'Emardfort', 'c3c1c9d273605b3936a493553a367e8adedf980a', '2010-11-10 07:11:09');
INSERT INTO `users` (`id`, `firstname`, `lastname`, `mail`, `phone`, `gender`, `birthday`, `photo_id`, `hometown`, `password_hash`, `created_at`) VALUES ('1043', 'Lynn', 'Stark', 'yost.lenore@example.com', '306', 'f', '2012-01-24', NULL, 'Ewellside', 'a119f87a361e69730d2a894e56cd742fd64bb8a1', '1976-10-09 13:44:17');
INSERT INTO `users` (`id`, `firstname`, `lastname`, `mail`, `phone`, `gender`, `birthday`, `photo_id`, `hometown`, `password_hash`, `created_at`) VALUES ('1044', 'Theodora', 'Swaniawski', 'brett23@example.org', '149', 'f', '2006-06-13', NULL, 'Mazieburgh', 'a736b236ebe8911ab7440dca23cba1ccad967171', '2013-03-01 13:36:28');
INSERT INTO `users` (`id`, `firstname`, `lastname`, `mail`, `phone`, `gender`, `birthday`, `photo_id`, `hometown`, `password_hash`, `created_at`) VALUES ('1046', 'Tyreek', 'Jacobi', 'bolson@example.net', '53', 'm', '1990-06-14', NULL, 'East Alessandromouth', '3ae7d481b0d02047fb1c4d2211ff24aca3d47ece', '2008-05-24 00:52:43');
INSERT INTO `users` (`id`, `firstname`, `lastname`, `mail`, `phone`, `gender`, `birthday`, `photo_id`, `hometown`, `password_hash`, `created_at`) VALUES ('1048', 'Davon', 'Connelly', 'darrell12@example.com', '756', 'f', '2012-11-27', NULL, 'Melvintown', 'c9161ec8cbb268ba36489cae6166dbed4dfc04f7', '2001-10-06 10:03:49');
INSERT INTO `users` (`id`, `firstname`, `lastname`, `mail`, `phone`, `gender`, `birthday`, `photo_id`, `hometown`, `password_hash`, `created_at`) VALUES ('1051', 'Verdie', 'Prosacco', 'hoyt.hauck@example.com', '61', 'm', '2011-05-16', NULL, 'Lake Millieton', '53db56d70cf44b2016277eb53129eec402dbf484', '1984-12-26 18:02:53');
INSERT INTO `users` (`id`, `firstname`, `lastname`, `mail`, `phone`, `gender`, `birthday`, `photo_id`, `hometown`, `password_hash`, `created_at`) VALUES ('1054', 'Marcus', 'Cremin', 'rhoda30@example.com', '86', 'f', '1975-10-11', NULL, 'Clintonbury', '50e60a2a35f664a6162a4e2ddc2ecf399d37e084', '2009-11-17 13:34:26');
INSERT INTO `users` (`id`, `firstname`, `lastname`, `mail`, `phone`, `gender`, `birthday`, `photo_id`, `hometown`, `password_hash`, `created_at`) VALUES ('1056', 'Karolann', 'Okuneva', 'schulist.aimee@example.org', '64', 'm', '1974-02-09', NULL, 'Marianeborough', 'cc9a631f7bd3f426e120d6441e583f30ca80ab57', '1984-06-11 17:45:39');
INSERT INTO `users` (`id`, `firstname`, `lastname`, `mail`, `phone`, `gender`, `birthday`, `photo_id`, `hometown`, `password_hash`, `created_at`) VALUES ('1057', 'Bessie', 'Roob', 'muller.jedidiah@example.org', '350573', 'm', '1999-09-22', NULL, 'New Rosalind', 'f791a0d0dca47216408612eb97a19611af67732e', '1985-03-29 18:52:54');
INSERT INTO `users` (`id`, `firstname`, `lastname`, `mail`, `phone`, `gender`, `birthday`, `photo_id`, `hometown`, `password_hash`, `created_at`) VALUES ('1060', 'Eleanore', 'Von', 'dkulas@example.org', '553740', 'm', '2005-07-30', NULL, 'Lake Hollie', '0bf5af18048b50080c0fe7669997844c71b27e12', '2019-12-11 02:27:47');
INSERT INTO `users` (`id`, `firstname`, `lastname`, `mail`, `phone`, `gender`, `birthday`, `photo_id`, `hometown`, `password_hash`, `created_at`) VALUES ('1061', 'Davonte', 'Wolff', 'layla.hessel@example.com', '4513381642', 'm', '1983-05-12', NULL, 'New Sabrynaborough', '9b77dc5b3bed520d293381f6259cd05c6484ed3e', '2011-11-15 11:31:15');
INSERT INTO `users` (`id`, `firstname`, `lastname`, `mail`, `phone`, `gender`, `birthday`, `photo_id`, `hometown`, `password_hash`, `created_at`) VALUES ('1062', 'Roy', 'Bechtelar', 'tommie49@example.org', '73', 'm', '2012-05-23', NULL, 'Estebanhaven', 'c300f5a2fc1b553166ba0e2e08d7cf6634636145', '2019-12-26 10:23:20');
INSERT INTO `users` (`id`, `firstname`, `lastname`, `mail`, `phone`, `gender`, `birthday`, `photo_id`, `hometown`, `password_hash`, `created_at`) VALUES ('1064', 'Ezequiel', 'Effertz', 'modesta50@example.net', '8532246972', 'f', '2019-08-14', NULL, 'Luciohaven', '1d9d5e1e4f18a5b8421586ba32ce953dcb7533d3', '2007-02-23 09:57:57');
INSERT INTO `users` (`id`, `firstname`, `lastname`, `mail`, `phone`, `gender`, `birthday`, `photo_id`, `hometown`, `password_hash`, `created_at`) VALUES ('1065', 'Lulu', 'McClure', 'gerlach.vella@example.org', '716', 'm', '2003-06-06', NULL, 'Charlotteland', 'f71181f1291e58b9738b89860659d20c11b4142a', '2017-08-04 09:11:49');
INSERT INTO `users` (`id`, `firstname`, `lastname`, `mail`, `phone`, `gender`, `birthday`, `photo_id`, `hometown`, `password_hash`, `created_at`) VALUES ('1066', 'Westley', 'Grady', 'paxton.terry@example.org', '470924', 'm', '1999-11-18', NULL, 'East Delmerhaven', 'f67bef32063b4f33acb00827a3903ab6e0e4973c', '2007-08-01 03:56:24');
INSERT INTO `users` (`id`, `firstname`, `lastname`, `mail`, `phone`, `gender`, `birthday`, `photo_id`, `hometown`, `password_hash`, `created_at`) VALUES ('1067', 'Sammie', 'Hudson', 'mberge@example.com', '5214309869', 'm', '1996-08-31', NULL, 'Lake Brendonstad', 'a60c38b988516e55f67037b67fbb975bf1d61364', '1987-09-16 16:46:58');
INSERT INTO `users` (`id`, `firstname`, `lastname`, `mail`, `phone`, `gender`, `birthday`, `photo_id`, `hometown`, `password_hash`, `created_at`) VALUES ('1068', 'Corbin', 'Reinger', 'turner.streich@example.com', '164', 'm', '1975-12-26', NULL, 'Gideonbury', '1667314fdec3edca79b7f8e3e74d1bf805d0e983', '2003-04-16 19:45:16');
INSERT INTO `users` (`id`, `firstname`, `lastname`, `mail`, `phone`, `gender`, `birthday`, `photo_id`, `hometown`, `password_hash`, `created_at`) VALUES ('1069', 'Elmo', 'Friesen', 'aglae17@example.org', '613384', 'm', '1988-06-06', NULL, 'Stiedemannbury', 'dd61e4b7dfc2f3a3869976b03f79d152559e5459', '2001-09-02 05:01:06');
INSERT INTO `users` (`id`, `firstname`, `lastname`, `mail`, `phone`, `gender`, `birthday`, `photo_id`, `hometown`, `password_hash`, `created_at`) VALUES ('1072', 'Freda', 'Huels', 'jerad78@example.com', '78', 'f', '2017-01-13', NULL, 'South Adelinechester', 'ecfa80ab4daba4be84f72478543e48479f48dcc2', '1983-10-24 02:52:49');
INSERT INTO `users` (`id`, `firstname`, `lastname`, `mail`, `phone`, `gender`, `birthday`, `photo_id`, `hometown`, `password_hash`, `created_at`) VALUES ('1073', 'Kenton', 'Zboncak', 'alford.kutch@example.net', '586841', 'f', '1986-01-04', NULL, 'Haleyshire', '7adda4bad75b9a88eb88cbb932466974fe0d5a53', '2013-09-20 06:57:05');
INSERT INTO `users` (`id`, `firstname`, `lastname`, `mail`, `phone`, `gender`, `birthday`, `photo_id`, `hometown`, `password_hash`, `created_at`) VALUES ('1074', 'Micaela', 'Cummings', 'farrell.laura@example.net', '34', 'f', '2021-01-27', NULL, 'Johnmouth', '3c361851865ec1e90b4a4da55da406bad4bf09c1', '2019-05-04 02:42:04');
INSERT INTO `users` (`id`, `firstname`, `lastname`, `mail`, `phone`, `gender`, `birthday`, `photo_id`, `hometown`, `password_hash`, `created_at`) VALUES ('1076', 'Florencio', 'Sporer', 'wiza.teagan@example.com', '339140', 'm', '1970-03-22', NULL, 'East Mellieville', '4187fb470dfff1bf30e5e09b088cf303fb001cd4', '1993-06-21 16:24:29');
INSERT INTO `users` (`id`, `firstname`, `lastname`, `mail`, `phone`, `gender`, `birthday`, `photo_id`, `hometown`, `password_hash`, `created_at`) VALUES ('1079', 'Kelton', 'Mills', 'noelia05@example.org', '31', 'f', '2001-05-08', NULL, 'Louveniaville', '6053612290bd738c1964fd030e4eaccaf2187e75', '2010-04-23 14:16:31');
INSERT INTO `users` (`id`, `firstname`, `lastname`, `mail`, `phone`, `gender`, `birthday`, `photo_id`, `hometown`, `password_hash`, `created_at`) VALUES ('1080', 'Kristina', 'Feil', 'ivy.gibson@example.net', '405', 'm', '1975-12-03', NULL, 'Marquiseville', 'bdf6eb8dbe0678455bc8bd052ae1ac70900854a2', '1973-09-19 16:01:06');
INSERT INTO `users` (`id`, `firstname`, `lastname`, `mail`, `phone`, `gender`, `birthday`, `photo_id`, `hometown`, `password_hash`, `created_at`) VALUES ('1081', 'Jerad', 'Glover', 'heath.hodkiewicz@example.net', '5940062929', 'm', '1994-02-07', NULL, 'Aufderharside', 'b29595e9894f2e8498047878bc4e034f704fd700', '1978-09-20 15:19:21');
INSERT INTO `users` (`id`, `firstname`, `lastname`, `mail`, `phone`, `gender`, `birthday`, `photo_id`, `hometown`, `password_hash`, `created_at`) VALUES ('1083', 'Gordon', 'Howell', 'talia.satterfield@example.net', '706700', 'f', '1980-07-12', NULL, 'Lake Curtchester', '71f117eade39a0b5988a87f4fe8ee5d43afa645a', '1996-08-21 02:50:56');
INSERT INTO `users` (`id`, `firstname`, `lastname`, `mail`, `phone`, `gender`, `birthday`, `photo_id`, `hometown`, `password_hash`, `created_at`) VALUES ('1084', 'Susan', 'Wilderman', 'kdickens@example.net', '205406', 'm', '2009-03-08', NULL, 'Selinatown', '7baae3afbfdf42d513ed60b432cc80cc4dea84d4', '2014-12-26 04:28:33');
INSERT INTO `users` (`id`, `firstname`, `lastname`, `mail`, `phone`, `gender`, `birthday`, `photo_id`, `hometown`, `password_hash`, `created_at`) VALUES ('1086', 'Alicia', 'Harber', 'adela.vandervort@example.net', '724', 'm', '2017-09-13', NULL, 'South Maud', 'bb1e2fdcbfc0642d3600086d6a10024a905ac02a', '2002-09-17 21:15:40');
INSERT INTO `users` (`id`, `firstname`, `lastname`, `mail`, `phone`, `gender`, `birthday`, `photo_id`, `hometown`, `password_hash`, `created_at`) VALUES ('1087', 'Shayna', 'Feil', 'rickey51@example.net', '319525', 'm', '2006-10-26', NULL, 'Fridamouth', '27cfcb23f33bffd5fc789413175b3c07012d87ea', '1987-05-27 14:05:58');
INSERT INTO `users` (`id`, `firstname`, `lastname`, `mail`, `phone`, `gender`, `birthday`, `photo_id`, `hometown`, `password_hash`, `created_at`) VALUES ('1088', 'Garland', 'VonRueden', 'lehner.desiree@example.com', '263593', 'm', '1981-01-02', NULL, 'Lake Adolphus', '6da860a1dfd25c5620d01cefe16937b48c9a64b9', '1987-03-26 21:23:19');
INSERT INTO `users` (`id`, `firstname`, `lastname`, `mail`, `phone`, `gender`, `birthday`, `photo_id`, `hometown`, `password_hash`, `created_at`) VALUES ('1095', 'Meredith', 'Erdman', 'isteuber@example.net', '790041731', 'm', '1989-11-26', NULL, 'Jessicaview', '8f3a57af6ef61b04a9936a0d7923b9ac3bdaa60d', '1970-01-15 07:00:26');
INSERT INTO `users` (`id`, `firstname`, `lastname`, `mail`, `phone`, `gender`, `birthday`, `photo_id`, `hometown`, `password_hash`, `created_at`) VALUES ('1097', 'Gonzalo', 'Bogan', 'vidal.berge@example.net', '786', 'm', '1987-02-17', NULL, 'Lake Lera', 'f782c8037988cab74123406bd23a2e4906a7e54d', '1981-11-30 23:47:10');
INSERT INTO `users` (`id`, `firstname`, `lastname`, `mail`, `phone`, `gender`, `birthday`, `photo_id`, `hometown`, `password_hash`, `created_at`) VALUES ('1098', 'Adeline', 'Conroy', 'pinkie60@example.net', '5669479168', 'm', '1975-03-17', NULL, 'New Stephen', '128ab2321b40732632391db2bce491cbb5ee81fa', '2001-02-21 02:18:09');
INSERT INTO `users` (`id`, `firstname`, `lastname`, `mail`, `phone`, `gender`, `birthday`, `photo_id`, `hometown`, `password_hash`, `created_at`) VALUES ('1099', 'Deanna', 'Mayert', 'kcummings@example.com', '14', 'm', '1999-07-03', NULL, 'West Heloise', 'dd4274116f2fa08c984db5766ab69d178d7daeea', '1971-04-22 00:26:10');
INSERT INTO `users` (`id`, `firstname`, `lastname`, `mail`, `phone`, `gender`, `birthday`, `photo_id`, `hometown`, `password_hash`, `created_at`) VALUES ('1101', 'Amelie', 'Fritsch', 'ufeeney@example.org', '799632', 'm', '2004-09-19', NULL, 'West Skylashire', '6cddb1b02bf43c09d53bc5096d2358217da0686b', '1997-01-19 06:41:20');
INSERT INTO `users` (`id`, `firstname`, `lastname`, `mail`, `phone`, `gender`, `birthday`, `photo_id`, `hometown`, `password_hash`, `created_at`) VALUES ('1103', 'Hermann', 'Beatty', 'rosemary.kuphal@example.net', '87', 'f', '1975-03-18', NULL, 'Keelingtown', 'd880a3b1982f34d593c3d81ad40ba8a6682dd31d', '1982-07-04 18:56:49');
INSERT INTO `users` (`id`, `firstname`, `lastname`, `mail`, `phone`, `gender`, `birthday`, `photo_id`, `hometown`, `password_hash`, `created_at`) VALUES ('1104', 'Nils', 'Farrell', 'eudora78@example.com', '10', 'm', '2013-08-30', NULL, 'Lake Arielletown', '9ac14b378d6c4cabbb36c5b675141321e2dbcb81', '1996-03-10 21:51:59');
INSERT INTO `users` (`id`, `firstname`, `lastname`, `mail`, `phone`, `gender`, `birthday`, `photo_id`, `hometown`, `password_hash`, `created_at`) VALUES ('1105', 'Grant', 'Sauer', 'godfrey.o\'reilly@example.org', '261', 'f', '2020-02-15', NULL, 'New Brianahaven', '2fab69bba324570a10bbf6b4c7edd6e5199edcc5', '2021-01-19 19:35:12');
INSERT INTO `users` (`id`, `firstname`, `lastname`, `mail`, `phone`, `gender`, `birthday`, `photo_id`, `hometown`, `password_hash`, `created_at`) VALUES ('1110', 'Kyler', 'Watsica', 'elmer40@example.net', '63', 'm', '1987-07-21', NULL, 'North Margotton', '7a6e7db91be50497770f223341daf14379f9b39a', '1972-05-14 08:30:06');
INSERT INTO `users` (`id`, `firstname`, `lastname`, `mail`, `phone`, `gender`, `birthday`, `photo_id`, `hometown`, `password_hash`, `created_at`) VALUES ('1111', 'Araceli', 'Beier', 'lura36@example.org', '383', 'm', '1972-01-25', NULL, 'Harbermouth', '8529ce699fa009ba420be2a73c0b5d8d7f36e70b', '1972-04-21 06:15:44');
INSERT INTO `users` (`id`, `firstname`, `lastname`, `mail`, `phone`, `gender`, `birthday`, `photo_id`, `hometown`, `password_hash`, `created_at`) VALUES ('1113', 'Linda', 'Bradtke', 'gmaggio@example.org', '876288', 'm', '1998-08-13', NULL, 'Gottliebhaven', '9a3dfb7585afd46e8fe3cd304c496c8d29e26d4f', '2012-09-14 17:33:39');
INSERT INTO `users` (`id`, `firstname`, `lastname`, `mail`, `phone`, `gender`, `birthday`, `photo_id`, `hometown`, `password_hash`, `created_at`) VALUES ('1114', 'Katharina', 'Romaguera', 'julie.zulauf@example.com', '13', 'm', '2008-01-04', NULL, 'Ryleybury', '1bcc86cd8ed6ca08257f431b458fc10000568842', '2005-07-05 12:49:38');
INSERT INTO `users` (`id`, `firstname`, `lastname`, `mail`, `phone`, `gender`, `birthday`, `photo_id`, `hometown`, `password_hash`, `created_at`) VALUES ('1115', 'Ayana', 'Franecki', 'powlowski.garth@example.org', '29', 'f', '2006-07-31', NULL, 'Ellieport', '10b9eaafc79e397fffb71caf83f9cf098c8a1138', '2011-06-10 20:20:04');
INSERT INTO `users` (`id`, `firstname`, `lastname`, `mail`, `phone`, `gender`, `birthday`, `photo_id`, `hometown`, `password_hash`, `created_at`) VALUES ('1116', 'Alycia', 'Nolan', 'eugene54@example.net', '683608', 'm', '1971-10-09', NULL, 'Lake Joycetown', 'e3da58a6731e47cba3e5e738b6fa75959955cb21', '1998-04-15 23:03:46');
INSERT INTO `users` (`id`, `firstname`, `lastname`, `mail`, `phone`, `gender`, `birthday`, `photo_id`, `hometown`, `password_hash`, `created_at`) VALUES ('1119', 'Muhammad', 'Beatty', 'cummerata.alana@example.com', '112', 'm', '2010-12-31', NULL, 'North Peytonmouth', 'af09d03a3fc5daf18aac18bfc17590147cb5406e', '1992-01-04 03:37:43');
INSERT INTO `users` (`id`, `firstname`, `lastname`, `mail`, `phone`, `gender`, `birthday`, `photo_id`, `hometown`, `password_hash`, `created_at`) VALUES ('1121', 'Terrill', 'Boehm', 'merlin.dach@example.net', '3', 'f', '1978-06-11', NULL, 'Riceburgh', '74684c5e52180702388c3e3f5fa53d9af085681b', '1989-05-14 04:18:34');
INSERT INTO `users` (`id`, `firstname`, `lastname`, `mail`, `phone`, `gender`, `birthday`, `photo_id`, `hometown`, `password_hash`, `created_at`) VALUES ('1123', 'Aglae', 'Gleichner', 'fmetz@example.org', '249640538', 'm', '1994-07-15', NULL, 'East Letitiafurt', 'cf6d885aba33fa559294f82332c43fdc5b853c40', '1986-01-20 00:29:11');
INSERT INTO `users` (`id`, `firstname`, `lastname`, `mail`, `phone`, `gender`, `birthday`, `photo_id`, `hometown`, `password_hash`, `created_at`) VALUES ('1125', 'Velda', 'Wilderman', 'claudia64@example.com', '497855', 'f', '1973-05-18', NULL, 'East Jadyn', 'ae4ae5bb4565021a1e6cedc63d5144d932c97852', '1989-07-09 18:41:20');
INSERT INTO `users` (`id`, `firstname`, `lastname`, `mail`, `phone`, `gender`, `birthday`, `photo_id`, `hometown`, `password_hash`, `created_at`) VALUES ('1127', 'Jabari', 'Lynch', 'rreinger@example.com', '520', 'm', '1995-09-04', NULL, 'New Trishafurt', 'db17b2194bf55c4db3a55df7601d078d383ec36f', '1991-01-26 04:27:54');
INSERT INTO `users` (`id`, `firstname`, `lastname`, `mail`, `phone`, `gender`, `birthday`, `photo_id`, `hometown`, `password_hash`, `created_at`) VALUES ('1128', 'Cary', 'Hirthe', 'pcrist@example.net', '977993', 'f', '1992-03-22', NULL, 'West Rosellamouth', '0c24b76e3c1ff1be7cf237ed9a0a4697e10700a7', '1977-12-24 01:51:17');
INSERT INTO `users` (`id`, `firstname`, `lastname`, `mail`, `phone`, `gender`, `birthday`, `photo_id`, `hometown`, `password_hash`, `created_at`) VALUES ('1129', 'Joesph', 'Kohler', 'qjacobi@example.net', '958152', 'f', '1975-03-05', NULL, 'Kautzerborough', '8def2e9a62f81b036fdaccf780761743d1b59a88', '2000-06-05 16:18:43');
INSERT INTO `users` (`id`, `firstname`, `lastname`, `mail`, `phone`, `gender`, `birthday`, `photo_id`, `hometown`, `password_hash`, `created_at`) VALUES ('1130', 'Hunter', 'Powlowski', 'adela74@example.net', '808900', 'm', '1981-11-09', NULL, 'Port Casper', '8047baa36fa2a943d34c197f3ecc0c2463385253', '1987-04-21 03:38:27');
INSERT INTO `users` (`id`, `firstname`, `lastname`, `mail`, `phone`, `gender`, `birthday`, `photo_id`, `hometown`, `password_hash`, `created_at`) VALUES ('1131', 'Charlotte', 'Will', 'alejandra27@example.com', '105737', 'm', '1986-05-11', NULL, 'East Elyssa', '51452e20c686a84bad69e420c2c62a046d9faa3e', '1996-11-21 23:55:22');
INSERT INTO `users` (`id`, `firstname`, `lastname`, `mail`, `phone`, `gender`, `birthday`, `photo_id`, `hometown`, `password_hash`, `created_at`) VALUES ('1132', 'Jovani', 'Russel', 'bechtelar.micaela@example.com', '16', 'f', '2004-09-13', NULL, 'Lake Jerroldtown', '96ad7afba146d47fa38229d2f3e23debbe4aac70', '2005-06-13 22:05:16');
INSERT INTO `users` (`id`, `firstname`, `lastname`, `mail`, `phone`, `gender`, `birthday`, `photo_id`, `hometown`, `password_hash`, `created_at`) VALUES ('1133', 'Jaden', 'Anderson', 'melissa.crona@example.com', '39490', 'f', '1976-06-14', NULL, 'Kalebmouth', '3a8b02f0e4dfd5a09bf1b02ab6fc0e8ebda26732', '2021-04-18 13:42:48');
INSERT INTO `users` (`id`, `firstname`, `lastname`, `mail`, `phone`, `gender`, `birthday`, `photo_id`, `hometown`, `password_hash`, `created_at`) VALUES ('1134', 'Abby', 'Rohan', 'ethyl76@example.com', '50', 'f', '1991-05-03', NULL, 'Port Selina', '000c3958aea9ee9bf0142b6e27d7566a28d10198', '2007-11-10 02:12:12');
INSERT INTO `users` (`id`, `firstname`, `lastname`, `mail`, `phone`, `gender`, `birthday`, `photo_id`, `hometown`, `password_hash`, `created_at`) VALUES ('1137', 'Arden', 'Olson', 'nlowe@example.org', '227', 'm', '1974-08-10', NULL, 'Steuberside', '908f72eb57625714a1c23483fa2c78747547d77b', '1979-10-08 20:31:12');
INSERT INTO `users` (`id`, `firstname`, `lastname`, `mail`, `phone`, `gender`, `birthday`, `photo_id`, `hometown`, `password_hash`, `created_at`) VALUES ('1138', 'Alvena', 'Krajcik', 'wgleason@example.com', '938276', 'f', '1976-05-10', NULL, 'Lake Eula', 'c61f50980bdd58fcfffca83fafae1883c8e154d9', '2008-02-21 22:11:33');
INSERT INTO `users` (`id`, `firstname`, `lastname`, `mail`, `phone`, `gender`, `birthday`, `photo_id`, `hometown`, `password_hash`, `created_at`) VALUES ('1140', 'Cayla', 'Fisher', 'ibeier@example.org', '58', 'f', '2020-05-08', NULL, 'North Lillastad', 'cecf850860cd5874eb8e08c02a024be8935a0ddb', '1987-01-01 19:22:17');
INSERT INTO `users` (`id`, `firstname`, `lastname`, `mail`, `phone`, `gender`, `birthday`, `photo_id`, `hometown`, `password_hash`, `created_at`) VALUES ('1141', 'Yasmin', 'Green', 'kuphal.coralie@example.org', '575134', 'f', '1983-06-11', NULL, 'Johnathantown', '6a1c34d1ad04317850eb77a87646ae8ae4899a99', '1980-09-15 19:35:54');
INSERT INTO `users` (`id`, `firstname`, `lastname`, `mail`, `phone`, `gender`, `birthday`, `photo_id`, `hometown`, `password_hash`, `created_at`) VALUES ('1143', 'Keven', 'Erdman', 'runte.burnice@example.net', '517', 'm', '2001-08-16', NULL, 'Danielleside', 'dce9ca1e978dbf58de9e828ada4272c9cee917a2', '2010-12-05 15:41:02');
INSERT INTO `users` (`id`, `firstname`, `lastname`, `mail`, `phone`, `gender`, `birthday`, `photo_id`, `hometown`, `password_hash`, `created_at`) VALUES ('1147', 'Trisha', 'Steuber', 'rosemarie.koss@example.org', '35', 'm', '2003-05-13', NULL, 'New Nikolasmouth', '1275b66f51c093106b8322c5b576da11c0442f53', '2004-07-05 22:43:36');
INSERT INTO `users` (`id`, `firstname`, `lastname`, `mail`, `phone`, `gender`, `birthday`, `photo_id`, `hometown`, `password_hash`, `created_at`) VALUES ('1148', 'Kaden', 'Johnston', 'erin.champlin@example.com', '238857', 'm', '1996-02-07', NULL, 'South Zackerystad', 'b58e19732d5e65b582b91b8774456b1a310e8b46', '1986-04-24 14:36:23');
INSERT INTO `users` (`id`, `firstname`, `lastname`, `mail`, `phone`, `gender`, `birthday`, `photo_id`, `hometown`, `password_hash`, `created_at`) VALUES ('1149', 'Mossie', 'Wilkinson', 'missouri.ryan@example.org', '135', 'm', '1999-10-16', NULL, 'Port Macyburgh', '7241a9bb0a353f3750cb6f5f7dde55ed92cc0c28', '1977-12-01 14:56:08');
INSERT INTO `users` (`id`, `firstname`, `lastname`, `mail`, `phone`, `gender`, `birthday`, `photo_id`, `hometown`, `password_hash`, `created_at`) VALUES ('1150', 'Gisselle', 'Bartell', 'edwin.jacobs@example.org', '220', 'm', '1987-05-29', NULL, 'Darefort', '7e73df8dc2f66c4d6eda88f9bf14fd15144ee6b4', '1973-08-21 15:46:38');
INSERT INTO `users` (`id`, `firstname`, `lastname`, `mail`, `phone`, `gender`, `birthday`, `photo_id`, `hometown`, `password_hash`, `created_at`) VALUES ('1151', 'Garett', 'Schaden', 'muhammad45@example.com', '2750813959', 'f', '2018-10-08', NULL, 'North Peggie', '1a2352de9311068e84e154c818e97deb7981ffb2', '1977-06-03 20:08:17');
INSERT INTO `users` (`id`, `firstname`, `lastname`, `mail`, `phone`, `gender`, `birthday`, `photo_id`, `hometown`, `password_hash`, `created_at`) VALUES ('1153', 'Mabel', 'Zemlak', 'columbus31@example.net', '2998430731', 'm', '2017-09-01', NULL, 'West Efrenport', 'ac64bc6fac8fdf624b7f02556f549bab28675a53', '1984-08-03 01:39:50');
INSERT INTO `users` (`id`, `firstname`, `lastname`, `mail`, `phone`, `gender`, `birthday`, `photo_id`, `hometown`, `password_hash`, `created_at`) VALUES ('1154', 'Trenton', 'Torp', 'heaney.kavon@example.com', '913', 'm', '1985-02-05', NULL, 'Karinatown', '25f3fa4a48d21051e66b399ea225dac21163ebb5', '2014-11-12 18:51:53');
INSERT INTO `users` (`id`, `firstname`, `lastname`, `mail`, `phone`, `gender`, `birthday`, `photo_id`, `hometown`, `password_hash`, `created_at`) VALUES ('1157', 'Steve', 'Witting', 'cathrine39@example.net', '846', 'm', '2007-09-05', NULL, 'South Judsonshire', '611a4357a13bd7babc07c4944cdf4f31afb99091', '1977-10-01 21:56:25');
INSERT INTO `users` (`id`, `firstname`, `lastname`, `mail`, `phone`, `gender`, `birthday`, `photo_id`, `hometown`, `password_hash`, `created_at`) VALUES ('1158', 'Anabelle', 'Fahey', 'schultz.matilde@example.net', '11202', 'f', '1994-01-05', NULL, 'Port Lauren', 'a7d097d01631b4f1adcd8610c504cf4e4f97e23e', '2005-02-23 22:21:24');
INSERT INTO `users` (`id`, `firstname`, `lastname`, `mail`, `phone`, `gender`, `birthday`, `photo_id`, `hometown`, `password_hash`, `created_at`) VALUES ('1160', 'Vernie', 'Jast', 'uokuneva@example.net', '4278326474', 'm', '1990-10-26', NULL, 'Hackettport', 'df2597c66746cb6694f170e6b65efaa32eaef4e8', '2017-07-21 17:49:21');
INSERT INTO `users` (`id`, `firstname`, `lastname`, `mail`, `phone`, `gender`, `birthday`, `photo_id`, `hometown`, `password_hash`, `created_at`) VALUES ('1163', 'Velda', 'Koch', 'wheidenreich@example.org', '912', 'm', '2012-02-27', NULL, 'Earlfurt', 'e17fecf345d5cbfbd4b405098031294dc94a78c5', '2021-03-09 21:12:41');
INSERT INTO `users` (`id`, `firstname`, `lastname`, `mail`, `phone`, `gender`, `birthday`, `photo_id`, `hometown`, `password_hash`, `created_at`) VALUES ('1164', 'Kaylah', 'Carter', 'rolfson.alex@example.com', '528743', 'm', '2007-07-19', NULL, 'West Mckaylachester', '646f967134e50405ad93d2bd56c37f412bdec0dc', '1990-09-09 15:28:14');
INSERT INTO `users` (`id`, `firstname`, `lastname`, `mail`, `phone`, `gender`, `birthday`, `photo_id`, `hometown`, `password_hash`, `created_at`) VALUES ('1165', 'Justen', 'Ortiz', 'sigrid.brown@example.net', '376', 'm', '1988-03-15', NULL, 'Roobburgh', 'e2c8b5367aad644e051e1ede9a438b91153fabef', '1970-06-26 18:01:49');
INSERT INTO `users` (`id`, `firstname`, `lastname`, `mail`, `phone`, `gender`, `birthday`, `photo_id`, `hometown`, `password_hash`, `created_at`) VALUES ('1166', 'Patrick', 'Nader', 'cierra.will@example.com', '2425264513', 'm', '1977-12-31', NULL, 'Lake Rhianna', '8d879a45c13376f85b2c10fbc1d2134694add785', '2002-05-17 11:07:46');
INSERT INTO `users` (`id`, `firstname`, `lastname`, `mail`, `phone`, `gender`, `birthday`, `photo_id`, `hometown`, `password_hash`, `created_at`) VALUES ('1167', 'Tierra', 'Leffler', 'elmore.farrell@example.com', '556981', 'f', '2007-12-16', NULL, 'Osinskiton', '744bcb7eeccbc083cfe919aedf8645388e837c78', '1991-11-14 10:56:31');
INSERT INTO `users` (`id`, `firstname`, `lastname`, `mail`, `phone`, `gender`, `birthday`, `photo_id`, `hometown`, `password_hash`, `created_at`) VALUES ('1168', 'Nakia', 'Collins', 'samara.ortiz@example.org', '643896', 'm', '1986-10-16', NULL, 'South Kaneburgh', '33cd3c5d1bff6d72a35f5748467331c9f37f433f', '1970-10-23 11:05:16');
INSERT INTO `users` (`id`, `firstname`, `lastname`, `mail`, `phone`, `gender`, `birthday`, `photo_id`, `hometown`, `password_hash`, `created_at`) VALUES ('1169', 'Chad', 'Block', 'lakin.maria@example.net', '485', 'm', '2008-09-18', NULL, 'Framiview', '745ea8ec4d87db1ac614dec617782acf7ed85c37', '1992-06-04 20:09:46');
INSERT INTO `users` (`id`, `firstname`, `lastname`, `mail`, `phone`, `gender`, `birthday`, `photo_id`, `hometown`, `password_hash`, `created_at`) VALUES ('1172', 'Annalise', 'Johns', 'ulockman@example.org', '4927429629', 'f', '1982-03-31', NULL, 'Lake Johnsonfort', '0706875ceaac1d55e05b86b12d7a269bb2a88f24', '2012-09-17 14:59:45');
INSERT INTO `users` (`id`, `firstname`, `lastname`, `mail`, `phone`, `gender`, `birthday`, `photo_id`, `hometown`, `password_hash`, `created_at`) VALUES ('1173', 'Eugenia', 'Will', 'kara.romaguera@example.com', '244215', 'f', '1995-07-27', NULL, 'Mosciskimouth', 'fe2b9898bedd413d0f332f972e1a2806677558cd', '1994-01-27 22:52:37');
INSERT INTO `users` (`id`, `firstname`, `lastname`, `mail`, `phone`, `gender`, `birthday`, `photo_id`, `hometown`, `password_hash`, `created_at`) VALUES ('1174', 'Florine', 'Walter', 'breanne04@example.com', '866', 'm', '2013-05-22', NULL, 'North Zorafort', 'fac38a34cac3b42c57e23411dd7ae8cd1c5e9e32', '2018-05-25 23:30:59');
INSERT INTO `users` (`id`, `firstname`, `lastname`, `mail`, `phone`, `gender`, `birthday`, `photo_id`, `hometown`, `password_hash`, `created_at`) VALUES ('1177', 'Aletha', 'Lubowitz', 'cara05@example.net', '89', 'm', '2006-05-21', NULL, 'Waltonside', '0b920904def58257bdd522f9a0f7f39c3c3214d2', '2008-04-02 21:05:12');
INSERT INTO `users` (`id`, `firstname`, `lastname`, `mail`, `phone`, `gender`, `birthday`, `photo_id`, `hometown`, `password_hash`, `created_at`) VALUES ('1178', 'Newell', 'Reilly', 'go\'conner@example.net', '373145', 'm', '1976-08-11', NULL, 'Nonastad', '5a748f6c2e4c623bc970a7e5c6c3dd334f216f6e', '2006-07-05 07:35:56');
INSERT INTO `users` (`id`, `firstname`, `lastname`, `mail`, `phone`, `gender`, `birthday`, `photo_id`, `hometown`, `password_hash`, `created_at`) VALUES ('1184', 'Margarete', 'Nicolas', 'buck.boyer@example.com', '970', 'm', '1993-08-24', NULL, 'New Wymanhaven', '06259563e810933d02940816ff381c5abee3461c', '2007-10-24 23:02:23');
INSERT INTO `users` (`id`, `firstname`, `lastname`, `mail`, `phone`, `gender`, `birthday`, `photo_id`, `hometown`, `password_hash`, `created_at`) VALUES ('1189', 'Meagan', 'Barrows', 'tbins@example.org', '1138414731', 'm', '1982-02-01', NULL, 'New Zelmaville', '0cef4b2c298720aa0f10cbb8bc9ad74303783e15', '1989-10-17 21:11:19');
INSERT INTO `users` (`id`, `firstname`, `lastname`, `mail`, `phone`, `gender`, `birthday`, `photo_id`, `hometown`, `password_hash`, `created_at`) VALUES ('1191', 'Stacey', 'Dicki', 'mittie19@example.com', '988658', 'f', '1986-09-08', NULL, 'South Bethhaven', 'a8e7eb88dcba78b7c798c20817f4b2a0957c7841', '1977-07-04 04:12:31');
INSERT INTO `users` (`id`, `firstname`, `lastname`, `mail`, `phone`, `gender`, `birthday`, `photo_id`, `hometown`, `password_hash`, `created_at`) VALUES ('1192', 'Gina', 'Gleichner', 'mara.champlin@example.org', '719525', 'm', '1971-01-27', NULL, 'Port Kaley', '15723f94febeedb75ffd91cd8a0dd48365b925af', '1980-02-18 18:02:05');
INSERT INTO `users` (`id`, `firstname`, `lastname`, `mail`, `phone`, `gender`, `birthday`, `photo_id`, `hometown`, `password_hash`, `created_at`) VALUES ('1195', 'Summer', 'Bauch', 'wborer@example.net', '474436', 'f', '2017-12-08', NULL, 'West Myrna', '46292232afb9699ff47eccf3ba156ce9f93a2887', '1992-10-09 07:28:14');
INSERT INTO `users` (`id`, `firstname`, `lastname`, `mail`, `phone`, `gender`, `birthday`, `photo_id`, `hometown`, `password_hash`, `created_at`) VALUES ('1197', 'Reyes', 'Rempel', 'marlene.carroll@example.org', '972749', 'm', '2017-02-09', NULL, 'New Blaze', '9d6f325cb97336037fbbed630be786255d05774e', '2020-12-20 18:06:43');
INSERT INTO `users` (`id`, `firstname`, `lastname`, `mail`, `phone`, `gender`, `birthday`, `photo_id`, `hometown`, `password_hash`, `created_at`) VALUES ('1198', 'Geovanni', 'Batz', 'gschinner@example.net', '705195', 'f', '1996-08-22', NULL, 'Lake Aliyaberg', '217141a1b5507820ea5feaa11a81cf39dbabfb9e', '1988-04-28 22:08:07');
INSERT INTO `users` (`id`, `firstname`, `lastname`, `mail`, `phone`, `gender`, `birthday`, `photo_id`, `hometown`, `password_hash`, `created_at`) VALUES ('1199', 'Yvonne', 'Satterfield', 'ylarson@example.com', '970567', 'm', '1978-12-04', NULL, 'O\'Reillyfurt', '4dd247af9aaf39e17716026d1ad23d630cd8e534', '2011-01-11 16:33:46');
INSERT INTO `users` (`id`, `firstname`, `lastname`, `mail`, `phone`, `gender`, `birthday`, `photo_id`, `hometown`, `password_hash`, `created_at`) VALUES ('1201', 'Katarina', 'Waters', 'joelle96@example.com', '4691835414', 'm', '2007-10-20', NULL, 'Bayerland', '1fd1e7c579266712f738c76c8289dd3390890f21', '1977-08-13 04:33:20');
INSERT INTO `users` (`id`, `firstname`, `lastname`, `mail`, `phone`, `gender`, `birthday`, `photo_id`, `hometown`, `password_hash`, `created_at`) VALUES ('1202', 'Cathryn', 'Bergstrom', 'myron.carter@example.net', '375', 'f', '2015-11-21', NULL, 'North Tracyside', '9e8c555972b28993ae7dff728f402e6dcdf8c736', '1986-04-25 15:47:21');
INSERT INTO `users` (`id`, `firstname`, `lastname`, `mail`, `phone`, `gender`, `birthday`, `photo_id`, `hometown`, `password_hash`, `created_at`) VALUES ('1205', 'Alba', 'McGlynn', 'norris.feil@example.com', '795749', 'm', '1979-12-09', NULL, 'South Danchester', '1714ee12fbaa8ec8ece942801308edfa019a3ab6', '2004-04-12 11:35:53');
INSERT INTO `users` (`id`, `firstname`, `lastname`, `mail`, `phone`, `gender`, `birthday`, `photo_id`, `hometown`, `password_hash`, `created_at`) VALUES ('1209', 'Ed', 'D\'Amore', 'rodrick95@example.net', '892', 'f', '1985-11-17', NULL, 'McLaughlinside', '9bf37aea2b633fd333a49c6ae1b2868a291f8679', '1986-12-09 00:17:55');
INSERT INTO `users` (`id`, `firstname`, `lastname`, `mail`, `phone`, `gender`, `birthday`, `photo_id`, `hometown`, `password_hash`, `created_at`) VALUES ('1210', 'Estrella', 'Herman', 'mayer.katelyn@example.net', '99464', 'm', '1975-09-04', NULL, 'Alvinaland', '69615ee45451ae50b9c51c64cda829853491eb8c', '1974-11-02 11:10:52');
INSERT INTO `users` (`id`, `firstname`, `lastname`, `mail`, `phone`, `gender`, `birthday`, `photo_id`, `hometown`, `password_hash`, `created_at`) VALUES ('1215', 'Samara', 'Lowe', 'fdickinson@example.net', '158', 'f', '2009-12-21', NULL, 'Danielaport', '2345216a7abf958c7f86e1fd636d0f70f49b4c91', '1980-02-04 08:35:16');
INSERT INTO `users` (`id`, `firstname`, `lastname`, `mail`, `phone`, `gender`, `birthday`, `photo_id`, `hometown`, `password_hash`, `created_at`) VALUES ('1217', 'Grayson', 'Doyle', 'camren71@example.org', '857', 'f', '2011-05-04', NULL, 'Rippinchester', '425b0c570c02a64bd79dee13a30b994663ffb2e8', '1986-06-01 01:38:50');
INSERT INTO `users` (`id`, `firstname`, `lastname`, `mail`, `phone`, `gender`, `birthday`, `photo_id`, `hometown`, `password_hash`, `created_at`) VALUES ('1218', 'Alvina', 'Ullrich', 'leilani10@example.net', '7838248225', 'm', '1992-05-15', NULL, 'Port Tad', '5d4ea54b9824eefabf00b43a95921e34d3da2025', '1974-09-18 06:20:33');
INSERT INTO `users` (`id`, `firstname`, `lastname`, `mail`, `phone`, `gender`, `birthday`, `photo_id`, `hometown`, `password_hash`, `created_at`) VALUES ('1221', 'Carmel', 'Mills', 'bennie.pfannerstill@example.org', '283', 'f', '1973-10-23', NULL, 'New Molly', '1a8b264e0d26f72e37eff766afd80d5c2af8a3c2', '1972-02-25 06:26:27');
INSERT INTO `users` (`id`, `firstname`, `lastname`, `mail`, `phone`, `gender`, `birthday`, `photo_id`, `hometown`, `password_hash`, `created_at`) VALUES ('1222', 'Diamond', 'Sporer', 'noemie.kreiger@example.net', '768258', 'm', '1973-12-22', NULL, 'South Jessyca', '9091e8e3fb1db3e57865d34695d79549b1bb3b9a', '2007-06-27 02:45:55');
INSERT INTO `users` (`id`, `firstname`, `lastname`, `mail`, `phone`, `gender`, `birthday`, `photo_id`, `hometown`, `password_hash`, `created_at`) VALUES ('1224', 'Lavinia', 'Schiller', 'xgrant@example.com', '91', 'm', '1983-06-16', NULL, 'Murphyview', 'da004033ae5dccfe4a5acc8e4849a7bfea0ad524', '1978-03-18 19:31:53');
INSERT INTO `users` (`id`, `firstname`, `lastname`, `mail`, `phone`, `gender`, `birthday`, `photo_id`, `hometown`, `password_hash`, `created_at`) VALUES ('1226', 'Maximilian', 'Wyman', 'maegan.deckow@example.net', '985883', 'f', '2020-03-13', NULL, 'West Kassandraberg', 'f57be3d0b2d072c4a14d6d4f09071a3df6f290b3', '2020-04-29 06:54:06');
INSERT INTO `users` (`id`, `firstname`, `lastname`, `mail`, `phone`, `gender`, `birthday`, `photo_id`, `hometown`, `password_hash`, `created_at`) VALUES ('1228', 'Kelton', 'Denesik', 'sanford.darius@example.net', '8946637549', 'f', '2005-02-21', NULL, 'Reillystad', '3697d10a6a66be0778807a6000779d4854556df2', '2016-07-31 19:32:57');
INSERT INTO `users` (`id`, `firstname`, `lastname`, `mail`, `phone`, `gender`, `birthday`, `photo_id`, `hometown`, `password_hash`, `created_at`) VALUES ('1229', 'Marietta', 'Heidenreich', 'qbuckridge@example.net', '54790', 'f', '2019-04-18', NULL, 'Aglaechester', '790628e744ad2bc79a20d3beaecb35319964d6e9', '1988-09-25 01:18:35');
INSERT INTO `users` (`id`, `firstname`, `lastname`, `mail`, `phone`, `gender`, `birthday`, `photo_id`, `hometown`, `password_hash`, `created_at`) VALUES ('1232', 'Chaz', 'Ruecker', 'morissette.annamarie@example.com', '397', 'm', '1981-08-22', NULL, 'North Oleta', '7e8e18f76e4d32254275bc8c8116a9adca5ff552', '1995-07-10 20:43:35');
INSERT INTO `users` (`id`, `firstname`, `lastname`, `mail`, `phone`, `gender`, `birthday`, `photo_id`, `hometown`, `password_hash`, `created_at`) VALUES ('1233', 'Forrest', 'Nienow', 'kondricka@example.org', '380023', 'm', '2010-12-04', NULL, 'Florineside', '016c81a0cebef99fb97ac318e03a8d21904da2c8', '1981-08-09 12:11:44');
INSERT INTO `users` (`id`, `firstname`, `lastname`, `mail`, `phone`, `gender`, `birthday`, `photo_id`, `hometown`, `password_hash`, `created_at`) VALUES ('1234', 'Eudora', 'Hettinger', 'brad24@example.org', '777143', 'f', '1999-11-22', NULL, 'Groverview', '39780f0005ae8c100244f571e8b2529dbb5eec4f', '2015-02-05 16:50:16');
INSERT INTO `users` (`id`, `firstname`, `lastname`, `mail`, `phone`, `gender`, `birthday`, `photo_id`, `hometown`, `password_hash`, `created_at`) VALUES ('1235', 'Franco', 'Collier', 'jordy.leuschke@example.net', '273', 'm', '2016-08-28', NULL, 'Port Marquise', 'c2a0d8ea3f69e32fe82d7ee8aa611d9c50623535', '1990-08-24 00:11:47');
INSERT INTO `users` (`id`, `firstname`, `lastname`, `mail`, `phone`, `gender`, `birthday`, `photo_id`, `hometown`, `password_hash`, `created_at`) VALUES ('1236', 'Rosalee', 'Moore', 'darius.bruen@example.net', '152622', 'm', '1972-03-21', NULL, 'South Mertietown', '293f8d45f5799b1a9f9e72b9c45f582c0172a3bc', '2007-12-25 03:13:30');
INSERT INTO `users` (`id`, `firstname`, `lastname`, `mail`, `phone`, `gender`, `birthday`, `photo_id`, `hometown`, `password_hash`, `created_at`) VALUES ('1238', 'Guillermo', 'Stoltenberg', 'wfarrell@example.com', '896', 'm', '1997-03-14', NULL, 'South Hertaside', 'b1846c764256b88e027006c38ad5d9bbce0a2f39', '2018-12-31 02:58:50');
INSERT INTO `users` (`id`, `firstname`, `lastname`, `mail`, `phone`, `gender`, `birthday`, `photo_id`, `hometown`, `password_hash`, `created_at`) VALUES ('1239', 'Santina', 'Bergnaum', 'tod13@example.com', '7374507022', 'm', '2014-02-01', NULL, 'Lake Antonette', '0b5009795a4aae9a43c50d3494a8c99922b37ea6', '2018-09-18 01:10:46');
INSERT INTO `users` (`id`, `firstname`, `lastname`, `mail`, `phone`, `gender`, `birthday`, `photo_id`, `hometown`, `password_hash`, `created_at`) VALUES ('1240', 'Fred', 'Schowalter', 'ucruickshank@example.org', '536338', 'f', '1988-01-14', NULL, 'Sporerhaven', 'b9e74e6fd3d83720e1a4c6c3a128b69195d71068', '1993-12-02 23:52:52');
INSERT INTO `users` (`id`, `firstname`, `lastname`, `mail`, `phone`, `gender`, `birthday`, `photo_id`, `hometown`, `password_hash`, `created_at`) VALUES ('1241', 'Raquel', 'Erdman', 'amitchell@example.net', '388', 'f', '2003-11-27', NULL, 'Cristhaven', 'e5a8d48a91e92d680987452b4f91f2db2fe58647', '1991-05-12 14:45:34');
INSERT INTO `users` (`id`, `firstname`, `lastname`, `mail`, `phone`, `gender`, `birthday`, `photo_id`, `hometown`, `password_hash`, `created_at`) VALUES ('1243', 'Liza', 'Kris', 'hilda48@example.com', '132056', 'm', '1970-09-04', NULL, 'Port Leopoldo', '54318f937f3ea991481d24d62ce3f195c2521b8c', '1983-11-20 06:14:13');
INSERT INTO `users` (`id`, `firstname`, `lastname`, `mail`, `phone`, `gender`, `birthday`, `photo_id`, `hometown`, `password_hash`, `created_at`) VALUES ('1244', 'Clifford', 'Friesen', 'tabitha.kuphal@example.com', '749', 'm', '1987-01-22', NULL, 'South Vivaton', '7af12ad19b1ed450fc24a6bc2b61534c4a75beaa', '2003-01-19 04:21:04');
INSERT INTO `users` (`id`, `firstname`, `lastname`, `mail`, `phone`, `gender`, `birthday`, `photo_id`, `hometown`, `password_hash`, `created_at`) VALUES ('1245', 'Rosamond', 'Wisoky', 'ricardo.barton@example.net', '752', 'f', '2014-05-13', NULL, 'Griffinbury', 'ba4e80d24e9499b1a5295268803a78dff4c91b52', '2016-07-08 15:32:00');
INSERT INTO `users` (`id`, `firstname`, `lastname`, `mail`, `phone`, `gender`, `birthday`, `photo_id`, `hometown`, `password_hash`, `created_at`) VALUES ('1248', 'Candace', 'Swaniawski', 'jaylin.nitzsche@example.com', '115667', 'f', '2002-04-27', NULL, 'East Alfredaland', '97f63323ab1975b66adcae1e6fd3adecb2216ea3', '1974-06-04 13:09:59');
INSERT INTO `users` (`id`, `firstname`, `lastname`, `mail`, `phone`, `gender`, `birthday`, `photo_id`, `hometown`, `password_hash`, `created_at`) VALUES ('1249', 'Raul', 'Bartoletti', 'skoch@example.org', '281', 'm', '1981-04-10', NULL, 'Prosaccoborough', '8a8adf4b7135c2a9a44c7561a2f4da714057604f', '1979-08-01 16:08:27');
INSERT INTO `users` (`id`, `firstname`, `lastname`, `mail`, `phone`, `gender`, `birthday`, `photo_id`, `hometown`, `password_hash`, `created_at`) VALUES ('1253', 'Eduardo', 'Jacobi', 'watsica.andre@example.net', '673221', 'f', '1975-03-09', NULL, 'Elmoretown', '417deeec966ceb3cf758708b395eb1f7680c48d1', '1997-08-15 02:55:46');
INSERT INTO `users` (`id`, `firstname`, `lastname`, `mail`, `phone`, `gender`, `birthday`, `photo_id`, `hometown`, `password_hash`, `created_at`) VALUES ('1254', 'Zander', 'Gerhold', 'caroline84@example.net', '7905839588', 'm', '1994-03-02', NULL, 'Boehmshire', 'f133ef8021010576a7e07350dc020a1c2f4a4ee6', '1970-12-31 03:28:44');
INSERT INTO `users` (`id`, `firstname`, `lastname`, `mail`, `phone`, `gender`, `birthday`, `photo_id`, `hometown`, `password_hash`, `created_at`) VALUES ('1257', 'Shemar', 'Hansen', 'don.hauck@example.org', '148701', 'm', '2002-11-14', NULL, 'Laurynhaven', 'e905bb525a3596dd806ab6a6bb4b3e213683d9f6', '2001-09-09 07:58:14');
INSERT INTO `users` (`id`, `firstname`, `lastname`, `mail`, `phone`, `gender`, `birthday`, `photo_id`, `hometown`, `password_hash`, `created_at`) VALUES ('1258', 'Ara', 'Towne', 'hbartoletti@example.org', '1962688775', 'f', '1997-07-23', NULL, 'Torpside', 'be4b4cb5b19517c8060d0fc8e3e235721fd6804f', '2005-06-09 10:22:45');
INSERT INTO `users` (`id`, `firstname`, `lastname`, `mail`, `phone`, `gender`, `birthday`, `photo_id`, `hometown`, `password_hash`, `created_at`) VALUES ('1264', 'Ivory', 'Gutmann', 'colin16@example.net', '477', 'm', '2019-06-19', NULL, 'Emmerichtown', 'd111e2d928834e59579d9d5ccd8d4c9165b14e48', '1975-12-31 12:49:57');
INSERT INTO `users` (`id`, `firstname`, `lastname`, `mail`, `phone`, `gender`, `birthday`, `photo_id`, `hometown`, `password_hash`, `created_at`) VALUES ('1265', 'Rafaela', 'Littel', 'jacinthe.runte@example.net', '530', 'm', '1977-12-12', NULL, 'Murraybury', 'ab3080b0f95e059062c33dbe2a3d8ae632e884df', '2016-10-14 06:34:54');
INSERT INTO `users` (`id`, `firstname`, `lastname`, `mail`, `phone`, `gender`, `birthday`, `photo_id`, `hometown`, `password_hash`, `created_at`) VALUES ('1266', 'Therese', 'Padberg', 'bradford88@example.net', '410', 'f', '1976-08-07', NULL, 'Lake Zola', '5f8489c922617c0ae1a2c9078f5d3ef138f6d93d', '2002-03-15 09:53:33');
INSERT INTO `users` (`id`, `firstname`, `lastname`, `mail`, `phone`, `gender`, `birthday`, `photo_id`, `hometown`, `password_hash`, `created_at`) VALUES ('1267', 'Kaelyn', 'Hauck', 'zglover@example.net', '652', 'm', '2019-08-21', NULL, 'Hesselmouth', '41a3ae2631e8b6b30a148fd00a2a8d283b2a4954', '1987-09-27 12:04:20');
INSERT INTO `users` (`id`, `firstname`, `lastname`, `mail`, `phone`, `gender`, `birthday`, `photo_id`, `hometown`, `password_hash`, `created_at`) VALUES ('1269', 'Wilson', 'Reilly', 'ehomenick@example.com', '277759', 'f', '1976-05-04', NULL, 'Rennertown', 'fc967a749c76d6e8237a722ac3e656ac290e0ce1', '1978-07-15 14:12:59');
INSERT INTO `users` (`id`, `firstname`, `lastname`, `mail`, `phone`, `gender`, `birthday`, `photo_id`, `hometown`, `password_hash`, `created_at`) VALUES ('1270', 'Elian', 'Metz', 'eusebio53@example.net', '334', 'm', '1974-04-25', NULL, 'Orashire', '43f219365206fc99ff75b3b4128d0279e61355ac', '1988-01-30 08:08:43');
INSERT INTO `users` (`id`, `firstname`, `lastname`, `mail`, `phone`, `gender`, `birthday`, `photo_id`, `hometown`, `password_hash`, `created_at`) VALUES ('1271', 'Ara', 'Hane', 'nyasia.rippin@example.com', '644873', 'm', '1989-01-22', NULL, 'Ardellamouth', 'bf590236bed19f152c5b43f558567f72a0775baf', '1974-01-04 11:15:44');
INSERT INTO `users` (`id`, `firstname`, `lastname`, `mail`, `phone`, `gender`, `birthday`, `photo_id`, `hometown`, `password_hash`, `created_at`) VALUES ('1275', 'Viviane', 'Boehm', 'hahn.estella@example.net', '327', 'f', '1990-01-30', NULL, 'North Sonia', '41e8aebdb440cfe5ed095160ca9958a3bbc22abe', '1998-06-08 17:38:46');
INSERT INTO `users` (`id`, `firstname`, `lastname`, `mail`, `phone`, `gender`, `birthday`, `photo_id`, `hometown`, `password_hash`, `created_at`) VALUES ('1280', 'Daron', 'Ritchie', 'adelle.krajcik@example.org', '629', 'f', '2013-05-11', NULL, 'Jaylanborough', 'f57d87d32d249e6ca4775ad859bcb4eb46446e9d', '2010-09-09 20:14:42');
INSERT INTO `users` (`id`, `firstname`, `lastname`, `mail`, `phone`, `gender`, `birthday`, `photo_id`, `hometown`, `password_hash`, `created_at`) VALUES ('1281', 'Cortney', 'Sawayn', 'bennie.ebert@example.net', '411700', 'f', '1989-07-12', NULL, 'Lake Esther', 'f273b917a81b7eef5a533d42b5cf49ed87931dea', '2020-05-12 20:49:27');
INSERT INTO `users` (`id`, `firstname`, `lastname`, `mail`, `phone`, `gender`, `birthday`, `photo_id`, `hometown`, `password_hash`, `created_at`) VALUES ('1282', 'Margret', 'O\'Kon', 'hgleason@example.com', '493', 'm', '1982-10-17', NULL, 'Klockostad', 'e9bd82f16974cbe746d971555b66b1a326a4c657', '1981-05-07 14:53:08');
INSERT INTO `users` (`id`, `firstname`, `lastname`, `mail`, `phone`, `gender`, `birthday`, `photo_id`, `hometown`, `password_hash`, `created_at`) VALUES ('1285', 'Korbin', 'Kuphal', 'myost@example.com', '804469', 'f', '2015-11-09', NULL, 'Geovanniton', 'f6cfc305e54707afec0ce0bcbaa65feeec98b64a', '1994-11-01 21:53:22');
INSERT INTO `users` (`id`, `firstname`, `lastname`, `mail`, `phone`, `gender`, `birthday`, `photo_id`, `hometown`, `password_hash`, `created_at`) VALUES ('1286', 'Jayde', 'Stark', 'edison.macejkovic@example.org', '32', 'f', '1979-05-28', NULL, 'Thompsontown', 'ae1633f54c5bd29b5a530e11f048de408d06087c', '2000-01-03 18:39:27');
INSERT INTO `users` (`id`, `firstname`, `lastname`, `mail`, `phone`, `gender`, `birthday`, `photo_id`, `hometown`, `password_hash`, `created_at`) VALUES ('1287', 'Merl', 'Hagenes', 'jstiedemann@example.org', '237', 'm', '1989-06-10', NULL, 'Skilesbury', 'eb28227deaa1b2cab51908375fb9bba94863e30d', '2015-10-13 09:22:41');
INSERT INTO `users` (`id`, `firstname`, `lastname`, `mail`, `phone`, `gender`, `birthday`, `photo_id`, `hometown`, `password_hash`, `created_at`) VALUES ('1291', 'Trenton', 'Fahey', 'ryan.rosanna@example.org', '529969', 'm', '1977-01-22', NULL, 'Celiamouth', 'dd9edc057a58cf5df61215368c97883d652f146d', '2000-09-23 21:28:07');
INSERT INTO `users` (`id`, `firstname`, `lastname`, `mail`, `phone`, `gender`, `birthday`, `photo_id`, `hometown`, `password_hash`, `created_at`) VALUES ('1293', 'Dariana', 'Denesik', 'rusty68@example.org', '5267472018', 'f', '2000-07-23', NULL, 'Port Emelieside', '6999b4cffe6081af0c5416f137b6d6abc958b8ca', '2011-04-08 18:30:37');
INSERT INTO `users` (`id`, `firstname`, `lastname`, `mail`, `phone`, `gender`, `birthday`, `photo_id`, `hometown`, `password_hash`, `created_at`) VALUES ('1296', 'Lavada', 'Glover', 'scorwin@example.net', '575314', 'f', '2016-12-24', NULL, 'Leannechester', '514d9eb146929e34138226fb5dbec1f1e3b70ead', '1972-11-24 14:16:21');
INSERT INTO `users` (`id`, `firstname`, `lastname`, `mail`, `phone`, `gender`, `birthday`, `photo_id`, `hometown`, `password_hash`, `created_at`) VALUES ('1298', 'Lorenzo', 'Kuphal', 'rodrigo.friesen@example.org', '9626', 'f', '2015-03-10', NULL, 'Camillaton', 'ca51e4598781ba0afdb8e91f5df8f46b351a1893', '2001-02-07 02:27:12');
INSERT INTO `users` (`id`, `firstname`, `lastname`, `mail`, `phone`, `gender`, `birthday`, `photo_id`, `hometown`, `password_hash`, `created_at`) VALUES ('1301', 'Dulce', 'Schroeder', 'dhand@example.net', '1350640708', 'f', '2009-04-15', NULL, 'Schinnermouth', '03e414d24d2d9a9e85f45abd125408420cd68107', '1979-04-05 14:07:27');
INSERT INTO `users` (`id`, `firstname`, `lastname`, `mail`, `phone`, `gender`, `birthday`, `photo_id`, `hometown`, `password_hash`, `created_at`) VALUES ('1302', 'Parker', 'Powlowski', 'orin87@example.net', '725', 'm', '2012-12-10', NULL, 'West Thalialand', 'aa1c4485c22b9d1ee6c253fe95180765305ff288', '2009-02-10 10:02:23');
INSERT INTO `users` (`id`, `firstname`, `lastname`, `mail`, `phone`, `gender`, `birthday`, `photo_id`, `hometown`, `password_hash`, `created_at`) VALUES ('1305', 'Zena', 'Wyman', 'dnienow@example.org', '6', 'f', '2015-02-05', NULL, 'East Guadalupe', '23c68fa5fe611e79b0ba2fd2c6d6d517d92afa37', '1991-04-23 15:24:21');
INSERT INTO `users` (`id`, `firstname`, `lastname`, `mail`, `phone`, `gender`, `birthday`, `photo_id`, `hometown`, `password_hash`, `created_at`) VALUES ('1307', 'Clifford', 'Turner', 'gabe33@example.com', '56', 'm', '2007-02-12', NULL, 'East Tamara', '5a714667e2f78a173b73f1850efc5ef3fe42d6ca', '1970-08-23 10:49:17');
INSERT INTO `users` (`id`, `firstname`, `lastname`, `mail`, `phone`, `gender`, `birthday`, `photo_id`, `hometown`, `password_hash`, `created_at`) VALUES ('1309', 'Enrique', 'Powlowski', 'wfadel@example.org', '35100', 'f', '1981-12-01', NULL, 'Rickiemouth', '6c1975bdf276f8deb2773c96736b1ba62d2b9baa', '1971-01-07 01:44:15');
INSERT INTO `users` (`id`, `firstname`, `lastname`, `mail`, `phone`, `gender`, `birthday`, `photo_id`, `hometown`, `password_hash`, `created_at`) VALUES ('1312', 'Elinore', 'Feeney', 'ld\'amore@example.net', '1702132544', 'f', '2016-04-02', NULL, 'Smithamburgh', '27b704cf971919d0d20069fc35702a178deb2106', '2021-02-26 16:34:04');
INSERT INTO `users` (`id`, `firstname`, `lastname`, `mail`, `phone`, `gender`, `birthday`, `photo_id`, `hometown`, `password_hash`, `created_at`) VALUES ('1313', 'Ines', 'Hermiston', 'dhettinger@example.com', '15014', 'f', '1992-03-09', NULL, 'Walshview', 'ffa374d3de1277c2426b38f89023402d481c3fce', '1986-07-16 05:04:16');
INSERT INTO `users` (`id`, `firstname`, `lastname`, `mail`, `phone`, `gender`, `birthday`, `photo_id`, `hometown`, `password_hash`, `created_at`) VALUES ('1315', 'Isac', 'O\'Hara', 'derrick15@example.com', '702224', 'm', '1997-09-20', NULL, 'Bayershire', '0b28e4261b1a12e180bdbe9eb75337fd3f88b7e6', '1983-07-27 00:44:43');
INSERT INTO `users` (`id`, `firstname`, `lastname`, `mail`, `phone`, `gender`, `birthday`, `photo_id`, `hometown`, `password_hash`, `created_at`) VALUES ('1316', 'Sabryna', 'Upton', 'jackson.mccullough@example.net', '1626664077', 'f', '1979-03-16', NULL, 'Blockland', '9b42b22f7c46ffaa5aa76975b31611529b25cb45', '2017-12-10 11:31:29');
INSERT INTO `users` (`id`, `firstname`, `lastname`, `mail`, `phone`, `gender`, `birthday`, `photo_id`, `hometown`, `password_hash`, `created_at`) VALUES ('1317', 'Americo', 'Veum', 'jensen.trantow@example.net', '202799', 'f', '1994-05-06', NULL, 'East Hildegardport', '333646f84702a775ba96635ded8e8b859b56a458', '2006-05-26 05:12:07');
INSERT INTO `users` (`id`, `firstname`, `lastname`, `mail`, `phone`, `gender`, `birthday`, `photo_id`, `hometown`, `password_hash`, `created_at`) VALUES ('1318', 'Reyna', 'White', 'lgerhold@example.com', '422341', 'f', '1983-11-19', NULL, 'Spencerfurt', '95b2653554cc38039fd15fb75c91f2bc450ef689', '2005-04-08 03:20:08');
INSERT INTO `users` (`id`, `firstname`, `lastname`, `mail`, `phone`, `gender`, `birthday`, `photo_id`, `hometown`, `password_hash`, `created_at`) VALUES ('1319', 'Lorenzo', 'Legros', 'devyn20@example.net', '343183', 'm', '1975-12-18', NULL, 'South Elisabeth', '5c1f15a112c7ad66403db06a8d3d6bdaa92f8276', '2019-08-30 02:13:13');
INSERT INTO `users` (`id`, `firstname`, `lastname`, `mail`, `phone`, `gender`, `birthday`, `photo_id`, `hometown`, `password_hash`, `created_at`) VALUES ('1320', 'Frederik', 'Kub', 'oharber@example.net', '73733', 'm', '1982-06-18', NULL, 'New Waltonhaven', '3348884f305fd0706023fa1552fc36b5f37216cf', '1975-02-15 02:46:00');
INSERT INTO `users` (`id`, `firstname`, `lastname`, `mail`, `phone`, `gender`, `birthday`, `photo_id`, `hometown`, `password_hash`, `created_at`) VALUES ('1324', 'Oren', 'Walker', 'fschneider@example.com', '46', 'f', '2002-11-01', NULL, 'New Kristianside', 'f13b1bf999b534c3d974a2be36cfee3b5e639992', '1992-08-02 08:53:21');
INSERT INTO `users` (`id`, `firstname`, `lastname`, `mail`, `phone`, `gender`, `birthday`, `photo_id`, `hometown`, `password_hash`, `created_at`) VALUES ('1326', 'Alta', 'Bins', 'reta03@example.org', '908573', 'f', '1999-02-03', NULL, 'North Colt', 'b257fb63c63f71b46781df6cde1bdf90ce8929fa', '1993-03-25 20:09:49');
INSERT INTO `users` (`id`, `firstname`, `lastname`, `mail`, `phone`, `gender`, `birthday`, `photo_id`, `hometown`, `password_hash`, `created_at`) VALUES ('1329', 'Sierra', 'McDermott', 'buck67@example.com', '5406656681', 'm', '2006-03-30', NULL, 'Port Vedaview', '85f85caf965d6b4677cec14bb6ed0e41eac48203', '1996-02-24 15:08:02');
INSERT INTO `users` (`id`, `firstname`, `lastname`, `mail`, `phone`, `gender`, `birthday`, `photo_id`, `hometown`, `password_hash`, `created_at`) VALUES ('1331', 'Maureen', 'Bernhard', 'bmayert@example.org', '831', 'f', '1999-09-29', NULL, 'South Alfton', '855a9db8b6b3ea12d7009bd9602cddd5f394ab83', '1999-04-22 18:33:10');
INSERT INTO `users` (`id`, `firstname`, `lastname`, `mail`, `phone`, `gender`, `birthday`, `photo_id`, `hometown`, `password_hash`, `created_at`) VALUES ('1334', 'Vincenza', 'Windler', 'mariana46@example.net', '793', 'f', '1975-12-11', NULL, 'Madieville', '97173aed819cd25d62c55ba0160e9c379021a85f', '1988-03-30 16:16:33');
INSERT INTO `users` (`id`, `firstname`, `lastname`, `mail`, `phone`, `gender`, `birthday`, `photo_id`, `hometown`, `password_hash`, `created_at`) VALUES ('1338', 'Raina', 'Will', 'benedict.homenick@example.org', '796340', 'm', '2011-09-02', NULL, 'West Katharinaport', '06a35460e801530a37e709211f3183316e60d762', '1976-04-06 22:22:38');
INSERT INTO `users` (`id`, `firstname`, `lastname`, `mail`, `phone`, `gender`, `birthday`, `photo_id`, `hometown`, `password_hash`, `created_at`) VALUES ('1339', 'Rogelio', 'Will', 'dstark@example.net', '808565', 'f', '1972-02-24', NULL, 'Bradymouth', '7e4374a4b7cfd1599b3157a9b3fc9b56eae5f779', '2004-06-17 18:04:47');
INSERT INTO `users` (`id`, `firstname`, `lastname`, `mail`, `phone`, `gender`, `birthday`, `photo_id`, `hometown`, `password_hash`, `created_at`) VALUES ('1342', 'Corbin', 'Wyman', 'mccullough.rafael@example.com', '284', 'm', '1986-02-24', NULL, 'North Glennie', '50ee986da11985dad3634842378fdeef1434ddf8', '1985-03-26 18:21:05');
INSERT INTO `users` (`id`, `firstname`, `lastname`, `mail`, `phone`, `gender`, `birthday`, `photo_id`, `hometown`, `password_hash`, `created_at`) VALUES ('1343', 'Peggie', 'Daugherty', 'rlarson@example.org', '88', 'm', '2012-02-01', NULL, 'Reingertown', 'a5246c94daadc990a98d2b8f6e1637fe360d9846', '1994-07-18 16:18:18');
INSERT INTO `users` (`id`, `firstname`, `lastname`, `mail`, `phone`, `gender`, `birthday`, `photo_id`, `hometown`, `password_hash`, `created_at`) VALUES ('1344', 'Samanta', 'Ernser', 'qstanton@example.com', '377844', 'm', '2011-03-27', NULL, 'Herbertmouth', '629bfd12c1377113c9fab0a885930dbc11b4ddc3', '2000-04-15 04:31:58');
INSERT INTO `users` (`id`, `firstname`, `lastname`, `mail`, `phone`, `gender`, `birthday`, `photo_id`, `hometown`, `password_hash`, `created_at`) VALUES ('1345', 'Kelley', 'Price', 'mustafa.wolff@example.net', '995', 'f', '2007-09-20', NULL, 'New Dawn', 'b771eb622be5a577689fec0b51448001b23fa794', '2004-09-29 03:28:28');
INSERT INTO `users` (`id`, `firstname`, `lastname`, `mail`, `phone`, `gender`, `birthday`, `photo_id`, `hometown`, `password_hash`, `created_at`) VALUES ('1346', 'Ervin', 'Bosco', 'ibartell@example.net', '538832', 'm', '2021-04-24', NULL, 'Roxanetown', '7515ecce9295b4759780936036c745b6478806c7', '2014-11-05 09:14:13');
INSERT INTO `users` (`id`, `firstname`, `lastname`, `mail`, `phone`, `gender`, `birthday`, `photo_id`, `hometown`, `password_hash`, `created_at`) VALUES ('1347', 'Kacey', 'Bartoletti', 'river93@example.org', '8', 'm', '1984-01-29', NULL, 'North Vesta', 'fcccb60457f389fd0c87dfe600b4076cdf0fec85', '2012-03-21 01:08:04');
INSERT INTO `users` (`id`, `firstname`, `lastname`, `mail`, `phone`, `gender`, `birthday`, `photo_id`, `hometown`, `password_hash`, `created_at`) VALUES ('1349', 'Rachael', 'Goyette', 'carmela64@example.com', '363', 'm', '1998-05-24', NULL, 'Hagenesbury', '8fa033e96b00bcb6ca40cb98cf8ab744e1d98e75', '1983-08-27 18:09:14');
INSERT INTO `users` (`id`, `firstname`, `lastname`, `mail`, `phone`, `gender`, `birthday`, `photo_id`, `hometown`, `password_hash`, `created_at`) VALUES ('1350', 'Hilma', 'Konopelski', 'aprice@example.net', '580390', 'f', '2021-02-21', NULL, 'North Danika', '64117deab248c2b4d34209e68d8c3a76812ee8fd', '2019-04-28 04:07:05');
INSERT INTO `users` (`id`, `firstname`, `lastname`, `mail`, `phone`, `gender`, `birthday`, `photo_id`, `hometown`, `password_hash`, `created_at`) VALUES ('1351', 'Shad', 'Carter', 'winfield.krajcik@example.org', '62', 'm', '2004-05-08', NULL, 'Batzville', '48ca785a962e77ab2bb892585afdf531037fc2e1', '1978-05-04 17:10:22');
INSERT INTO `users` (`id`, `firstname`, `lastname`, `mail`, `phone`, `gender`, `birthday`, `photo_id`, `hometown`, `password_hash`, `created_at`) VALUES ('1352', 'Tyrell', 'Braun', 'ywest@example.com', '753', 'm', '1971-12-07', NULL, 'Marianefurt', '4a4627bd3500d0e0cc3688cb6dc57599b7b9d3e9', '2003-06-08 10:13:26');
INSERT INTO `users` (`id`, `firstname`, `lastname`, `mail`, `phone`, `gender`, `birthday`, `photo_id`, `hometown`, `password_hash`, `created_at`) VALUES ('1354', 'Milan', 'Mills', 'gshanahan@example.org', '987', 'f', '1990-12-29', NULL, 'Port Gaychester', '14994c5f91e75fb0553cd6b0cc5bb9ae0c569b63', '2017-09-16 04:34:36');
INSERT INTO `users` (`id`, `firstname`, `lastname`, `mail`, `phone`, `gender`, `birthday`, `photo_id`, `hometown`, `password_hash`, `created_at`) VALUES ('1355', 'Asia', 'Smitham', 'margot42@example.com', '754295', 'f', '2018-08-02', NULL, 'Lake Lailaside', 'b38c482c10564a311994af52aa4d801d069e1d31', '1994-04-20 19:16:46');
INSERT INTO `users` (`id`, `firstname`, `lastname`, `mail`, `phone`, `gender`, `birthday`, `photo_id`, `hometown`, `password_hash`, `created_at`) VALUES ('1356', 'Nicklaus', 'Crist', 'ybecker@example.com', '768939', 'm', '1989-12-28', NULL, 'Jessycashire', 'bd79b2d17a37ffef9ba92f752e8c4c65fe40354e', '2018-09-18 12:16:10');
INSERT INTO `users` (`id`, `firstname`, `lastname`, `mail`, `phone`, `gender`, `birthday`, `photo_id`, `hometown`, `password_hash`, `created_at`) VALUES ('1357', 'Jane', 'Schimmel', 'lavinia04@example.net', '535675', 'm', '2017-06-15', NULL, 'North Lauriannehaven', 'dd3268b3c144564cd2924582ac4b020794eed253', '2001-12-26 20:13:02');
INSERT INTO `users` (`id`, `firstname`, `lastname`, `mail`, `phone`, `gender`, `birthday`, `photo_id`, `hometown`, `password_hash`, `created_at`) VALUES ('1358', 'Kristin', 'Pouros', 'may.pfeffer@example.com', '362361136', 'f', '1984-03-30', NULL, 'Christiansenstad', 'a42c5f9aa24a9ec765b3a3e6ce8391525a775a87', '2011-07-17 17:38:16');
INSERT INTO `users` (`id`, `firstname`, `lastname`, `mail`, `phone`, `gender`, `birthday`, `photo_id`, `hometown`, `password_hash`, `created_at`) VALUES ('1359', 'Sabryna', 'Mitchell', 'maybelle20@example.net', '458', 'm', '2013-12-11', NULL, 'Lake Eulah', '6b0467c9cd9315227798f7eea4b1adb9a1493da5', '1976-12-15 20:17:00');
INSERT INTO `users` (`id`, `firstname`, `lastname`, `mail`, `phone`, `gender`, `birthday`, `photo_id`, `hometown`, `password_hash`, `created_at`) VALUES ('1360', 'August', 'Pfeffer', 'izieme@example.net', '6161', 'f', '1970-04-27', NULL, 'Harveyberg', 'ce2d6607400a3611ab4c5eba6ef5c889c96a6625', '2014-05-15 13:18:31');
INSERT INTO `users` (`id`, `firstname`, `lastname`, `mail`, `phone`, `gender`, `birthday`, `photo_id`, `hometown`, `password_hash`, `created_at`) VALUES ('1361', 'Otis', 'Satterfield', 'oblick@example.net', '129', 'm', '2009-04-27', NULL, 'Lefflerchester', 'a0f99077c3bb5593cd6985fdcba6166755b0d652', '2017-10-04 13:05:33');
INSERT INTO `users` (`id`, `firstname`, `lastname`, `mail`, `phone`, `gender`, `birthday`, `photo_id`, `hometown`, `password_hash`, `created_at`) VALUES ('1363', 'Adam', 'Jacobson', 'jaiden.leffler@example.com', '671683', 'm', '1991-05-18', NULL, 'Port Sonny', '27fc77f9b1c6ab0bd75c814d688cb12b449babec', '2020-12-21 02:50:28');
INSERT INTO `users` (`id`, `firstname`, `lastname`, `mail`, `phone`, `gender`, `birthday`, `photo_id`, `hometown`, `password_hash`, `created_at`) VALUES ('1364', 'Hertha', 'Watsica', 'yost.forrest@example.org', '333', 'm', '2006-10-23', NULL, 'North Myleneland', '90c3498dc7af82eaba74c06ca635cc4340c95e11', '1970-03-27 20:49:39');
INSERT INTO `users` (`id`, `firstname`, `lastname`, `mail`, `phone`, `gender`, `birthday`, `photo_id`, `hometown`, `password_hash`, `created_at`) VALUES ('1365', 'Alysha', 'Hansen', 'rippin.chelsea@example.com', '4133058091', 'm', '2011-09-12', NULL, 'Lake Opheliaborough', 'e970dcf93f22e0841505194cff20a651ba7b1e1d', '1996-12-10 13:36:01');
INSERT INTO `users` (`id`, `firstname`, `lastname`, `mail`, `phone`, `gender`, `birthday`, `photo_id`, `hometown`, `password_hash`, `created_at`) VALUES ('1367', 'Karli', 'Howell', 'kayleigh.lockman@example.com', '33', 'm', '1981-07-21', NULL, 'East Itzel', 'ac8023f91922d16e05d13324d91e2925511a6770', '2000-06-12 12:51:47');
INSERT INTO `users` (`id`, `firstname`, `lastname`, `mail`, `phone`, `gender`, `birthday`, `photo_id`, `hometown`, `password_hash`, `created_at`) VALUES ('1368', 'Marilie', 'Ziemann', 'cathy.runolfsdottir@example.com', '4359984749', 'm', '1978-04-12', NULL, 'Port Cullen', '4262bcd8f01f4d7be99e18a7d24a0fbea6852467', '2006-01-25 17:11:03');
INSERT INTO `users` (`id`, `firstname`, `lastname`, `mail`, `phone`, `gender`, `birthday`, `photo_id`, `hometown`, `password_hash`, `created_at`) VALUES ('1370', 'Arvel', 'Kovacek', 'mcclure.lea@example.org', '395852', 'm', '1971-11-22', NULL, 'East Tito', '1b2d9bc3a4aca6382906ea263a0504b5eccf1168', '1973-05-17 07:30:06');
INSERT INTO `users` (`id`, `firstname`, `lastname`, `mail`, `phone`, `gender`, `birthday`, `photo_id`, `hometown`, `password_hash`, `created_at`) VALUES ('1373', 'Halle', 'Rath', 'mclaughlin.joshuah@example.org', '627', 'm', '1977-09-13', NULL, 'South Hoytport', '512e4f08dae150b7b68af94a41da2d816d9006c4', '2021-02-22 02:09:53');
INSERT INTO `users` (`id`, `firstname`, `lastname`, `mail`, `phone`, `gender`, `birthday`, `photo_id`, `hometown`, `password_hash`, `created_at`) VALUES ('1375', 'Elisha', 'Hansen', 'rhoeger@example.com', '434521', 'f', '1983-03-13', NULL, 'Emiliafurt', '9a0ee74bec039800df512a6c3309f24f0269f93b', '2018-04-11 03:28:56');
INSERT INTO `users` (`id`, `firstname`, `lastname`, `mail`, `phone`, `gender`, `birthday`, `photo_id`, `hometown`, `password_hash`, `created_at`) VALUES ('1376', 'Vickie', 'Stoltenberg', 'leta83@example.com', '607211', 'm', '1978-07-10', NULL, 'Kallieberg', '04c9f069c479c064f5f32e675ccc6a1be3e855e3', '1984-12-08 07:26:27');
INSERT INTO `users` (`id`, `firstname`, `lastname`, `mail`, `phone`, `gender`, `birthday`, `photo_id`, `hometown`, `password_hash`, `created_at`) VALUES ('1377', 'Treva', 'Farrell', 'santos.veum@example.net', '959463', 'm', '1986-01-18', NULL, 'New Roslyn', '9bf45fb9a8f5b9cbb6195cdec66256ee20dfc268', '2006-01-05 22:45:27');
INSERT INTO `users` (`id`, `firstname`, `lastname`, `mail`, `phone`, `gender`, `birthday`, `photo_id`, `hometown`, `password_hash`, `created_at`) VALUES ('1380', 'Torey', 'Sipes', 'camila40@example.net', '942', 'm', '1992-11-13', NULL, 'East Sydnee', 'ecfdc73308f267d840d12d17d4a3e4cadf53ad66', '2004-10-11 13:11:44');
INSERT INTO `users` (`id`, `firstname`, `lastname`, `mail`, `phone`, `gender`, `birthday`, `photo_id`, `hometown`, `password_hash`, `created_at`) VALUES ('1382', 'Vita', 'Stoltenberg', 'malika.farrell@example.net', '365010', 'f', '1975-07-04', NULL, 'Powlowskiville', 'f5e1fe627c1b471d6be1bddf8e26f822bd055309', '1977-06-21 17:24:52');
INSERT INTO `users` (`id`, `firstname`, `lastname`, `mail`, `phone`, `gender`, `birthday`, `photo_id`, `hometown`, `password_hash`, `created_at`) VALUES ('1384', 'Mariela', 'Fahey', 'rjohns@example.net', '28', 'f', '2007-11-27', NULL, 'Cristton', '04a1fe08b96bcdd43c76b9f4cc5d8b410d5d12f4', '1979-10-30 11:34:12');
INSERT INTO `users` (`id`, `firstname`, `lastname`, `mail`, `phone`, `gender`, `birthday`, `photo_id`, `hometown`, `password_hash`, `created_at`) VALUES ('1385', 'Nettie', 'Zulauf', 'leonel59@example.net', '9766993915', 'f', '1971-12-01', NULL, 'Salliemouth', '901f20d6b2a8f8723a9c125bf833adf7771e0cf4', '1990-06-27 06:38:14');
INSERT INTO `users` (`id`, `firstname`, `lastname`, `mail`, `phone`, `gender`, `birthday`, `photo_id`, `hometown`, `password_hash`, `created_at`) VALUES ('1386', 'Vern', 'Dooley', 'aric.emmerich@example.net', '83', 'm', '1971-08-12', NULL, 'Batzview', 'f094cffbdd4ab2db8c6e8e2b2307bb13bc53aa30', '2018-09-10 22:53:32');
INSERT INTO `users` (`id`, `firstname`, `lastname`, `mail`, `phone`, `gender`, `birthday`, `photo_id`, `hometown`, `password_hash`, `created_at`) VALUES ('1389', 'Aditya', 'Kihn', 'handerson@example.com', '565684456', 'f', '2010-07-08', NULL, 'South Rafaelburgh', '42aea7bcbc0ee126d34f9b7039fa63508a8a1fa7', '2014-12-21 20:40:51');
INSERT INTO `users` (`id`, `firstname`, `lastname`, `mail`, `phone`, `gender`, `birthday`, `photo_id`, `hometown`, `password_hash`, `created_at`) VALUES ('1391', 'Brandyn', 'Daniel', 'ernie11@example.org', '72932', 'm', '2006-07-30', NULL, 'Dwightland', 'e2304b369f42ab96028e9afb1a979cc06b0d15a4', '1980-01-22 17:18:02');
INSERT INTO `users` (`id`, `firstname`, `lastname`, `mail`, `phone`, `gender`, `birthday`, `photo_id`, `hometown`, `password_hash`, `created_at`) VALUES ('1392', 'Delaney', 'Will', 'ischamberger@example.org', '219', 'm', '1995-08-19', NULL, 'Alanisside', 'b28782165c4bf19e7c80895dca378a0aea377ae2', '1987-12-10 20:37:06');
INSERT INTO `users` (`id`, `firstname`, `lastname`, `mail`, `phone`, `gender`, `birthday`, `photo_id`, `hometown`, `password_hash`, `created_at`) VALUES ('1393', 'Tessie', 'Nicolas', 'bonita62@example.org', '68', 'm', '1979-09-23', NULL, 'Tremaineshire', 'a404882ecaa6cfa6f81693770127406eb17adcd3', '1993-07-02 12:58:40');
INSERT INTO `users` (`id`, `firstname`, `lastname`, `mail`, `phone`, `gender`, `birthday`, `photo_id`, `hometown`, `password_hash`, `created_at`) VALUES ('1394', 'Madonna', 'Beier', 'iwiza@example.com', '2928129049', 'm', '1982-09-29', NULL, 'New Minabury', '1f7cbe1fb99b2661de4c8c70ef4b27e36d6a5f81', '1979-07-14 09:05:03');
INSERT INTO `users` (`id`, `firstname`, `lastname`, `mail`, `phone`, `gender`, `birthday`, `photo_id`, `hometown`, `password_hash`, `created_at`) VALUES ('1396', 'Katlyn', 'Grimes', 'elaina02@example.net', '648476', 'm', '1986-11-02', NULL, 'South Baileyview', 'fff9b47c77ca931ae4555bcdd7bf64f2191e7251', '1975-09-18 21:49:37');
INSERT INTO `users` (`id`, `firstname`, `lastname`, `mail`, `phone`, `gender`, `birthday`, `photo_id`, `hometown`, `password_hash`, `created_at`) VALUES ('1399', 'Verna', 'Emmerich', 'bheller@example.net', '999869', 'm', '2015-09-12', NULL, 'West Erynfurt', 'be96c2437cdcc9d9ae836e0b266c9d77c2726eaf', '1978-07-23 12:12:25');
INSERT INTO `users` (`id`, `firstname`, `lastname`, `mail`, `phone`, `gender`, `birthday`, `photo_id`, `hometown`, `password_hash`, `created_at`) VALUES ('1400', 'Frieda', 'Kohler', 'lysanne59@example.net', '491', 'f', '2016-01-08', NULL, 'West Heidi', '1a8ee80a59928cb20aa72fb34f2e912d87bcb912', '2018-09-11 21:20:50');
INSERT INTO `users` (`id`, `firstname`, `lastname`, `mail`, `phone`, `gender`, `birthday`, `photo_id`, `hometown`, `password_hash`, `created_at`) VALUES ('1401', 'Shemar', 'McClure', 'sawayn.billie@example.org', '956', 'f', '1980-07-03', NULL, 'Port Aliciachester', '455e3e86c050ca17c40b0492e934e620cd1ded7d', '1982-05-28 15:15:36');
INSERT INTO `users` (`id`, `firstname`, `lastname`, `mail`, `phone`, `gender`, `birthday`, `photo_id`, `hometown`, `password_hash`, `created_at`) VALUES ('1402', 'Glenna', 'Heathcote', 'candido05@example.net', '932', 'm', '1997-04-25', NULL, 'Port Jesusbury', 'c557f438976cb7b625d4b1c68fef540447a3c0bc', '1998-09-06 07:40:13');
INSERT INTO `users` (`id`, `firstname`, `lastname`, `mail`, `phone`, `gender`, `birthday`, `photo_id`, `hometown`, `password_hash`, `created_at`) VALUES ('1403', 'Yasmeen', 'Schamberger', 'edwardo10@example.net', '217071', 'f', '2019-04-25', NULL, 'New Serenity', '56568e03af5593a87b1e3a11d5e8467336118544', '2012-04-25 01:03:59');
INSERT INTO `users` (`id`, `firstname`, `lastname`, `mail`, `phone`, `gender`, `birthday`, `photo_id`, `hometown`, `password_hash`, `created_at`) VALUES ('1404', 'Macy', 'Stracke', 'mante.kelton@example.org', '55', 'm', '1996-08-06', NULL, 'Deonteberg', '0dac9529e77b558e652dd8458b70d1a7292a24bd', '1979-05-30 23:44:07');
INSERT INTO `users` (`id`, `firstname`, `lastname`, `mail`, `phone`, `gender`, `birthday`, `photo_id`, `hometown`, `password_hash`, `created_at`) VALUES ('1405', 'Mallie', 'Orn', 'coleman87@example.net', '139218', 'm', '1978-09-02', NULL, 'South Jaylonside', '19eebd5fb13d1fce665a07b8b71fd2a31aa65424', '2004-03-06 02:38:00');
INSERT INTO `users` (`id`, `firstname`, `lastname`, `mail`, `phone`, `gender`, `birthday`, `photo_id`, `hometown`, `password_hash`, `created_at`) VALUES ('1406', 'Lou', 'Barrows', 'manuela23@example.net', '961', 'f', '1997-09-08', NULL, 'Johannamouth', 'febcb8c5540872288d0df4429e5674f9bf0247a1', '2003-02-16 13:55:54');
INSERT INTO `users` (`id`, `firstname`, `lastname`, `mail`, `phone`, `gender`, `birthday`, `photo_id`, `hometown`, `password_hash`, `created_at`) VALUES ('1409', 'Nya', 'Hansen', 'dell97@example.org', '547175', 'f', '1990-05-23', NULL, 'Cassinside', '7ff841e415bc7cb8b3f42d1ffdc6c1333894823e', '2012-11-22 01:45:56');
INSERT INTO `users` (`id`, `firstname`, `lastname`, `mail`, `phone`, `gender`, `birthday`, `photo_id`, `hometown`, `password_hash`, `created_at`) VALUES ('1410', 'Leda', 'Dooley', 'gino.cole@example.com', '1698110654', 'm', '1984-05-16', NULL, 'Charlenefurt', 'fe27f3101bcdebfa8fb6148d58d5f3a9d5af483e', '1986-04-22 17:08:00');
INSERT INTO `users` (`id`, `firstname`, `lastname`, `mail`, `phone`, `gender`, `birthday`, `photo_id`, `hometown`, `password_hash`, `created_at`) VALUES ('1412', 'Fredrick', 'McDermott', 'kturner@example.net', '476', 'm', '2015-03-20', NULL, 'Port Calebtown', 'bc258023b8d8f666775a005bab9a45e026109453', '2004-05-27 18:23:51');
INSERT INTO `users` (`id`, `firstname`, `lastname`, `mail`, `phone`, `gender`, `birthday`, `photo_id`, `hometown`, `password_hash`, `created_at`) VALUES ('1414', 'Desmond', 'Muller', 'eliezer59@example.org', '2607599667', 'f', '2008-10-03', NULL, 'Xanderhaven', '3b17c9258297f7b504eef41285a17025921bbf2d', '2009-12-03 05:07:39');
INSERT INTO `users` (`id`, `firstname`, `lastname`, `mail`, `phone`, `gender`, `birthday`, `photo_id`, `hometown`, `password_hash`, `created_at`) VALUES ('1415', 'Vivien', 'D\'Amore', 'cruickshank.favian@example.com', '240', 'm', '1971-12-16', NULL, 'Ulicesview', 'e20d74b108a91267955c1d27407624fce0c07efb', '1992-03-27 14:31:32');
INSERT INTO `users` (`id`, `firstname`, `lastname`, `mail`, `phone`, `gender`, `birthday`, `photo_id`, `hometown`, `password_hash`, `created_at`) VALUES ('1416', 'Hailie', 'Waters', 'carmella83@example.org', '30', 'f', '2008-07-27', NULL, 'Marcosfurt', '5c0fe6f6ea13ebbba20a58cf8607cbdffae815d2', '2014-05-11 10:25:54');
INSERT INTO `users` (`id`, `firstname`, `lastname`, `mail`, `phone`, `gender`, `birthday`, `photo_id`, `hometown`, `password_hash`, `created_at`) VALUES ('1419', 'Joelle', 'Macejkovic', 'kankunding@example.net', '17', 'f', '1999-11-27', NULL, 'South Lindamouth', '2439d64f578560b29c0078772127a5dea21699d3', '1990-08-25 12:48:46');
INSERT INTO `users` (`id`, `firstname`, `lastname`, `mail`, `phone`, `gender`, `birthday`, `photo_id`, `hometown`, `password_hash`, `created_at`) VALUES ('1421', 'Cassandre', 'Veum', 'kathryne.toy@example.org', '632891', 'm', '1989-05-04', NULL, 'West Yasmine', '4daf4d2f353ceb4725591ff1899489621ae468e3', '1997-11-17 04:17:15');
INSERT INTO `users` (`id`, `firstname`, `lastname`, `mail`, `phone`, `gender`, `birthday`, `photo_id`, `hometown`, `password_hash`, `created_at`) VALUES ('1422', 'Ephraim', 'Lowe', 'roberts.matteo@example.com', '31099', 'f', '1990-09-19', NULL, 'Port Jerald', '1c84c24a9a4c59b92e96fb62424797ae82b07948', '1975-12-30 04:13:12');
INSERT INTO `users` (`id`, `firstname`, `lastname`, `mail`, `phone`, `gender`, `birthday`, `photo_id`, `hometown`, `password_hash`, `created_at`) VALUES ('1426', 'Christina', 'Prosacco', 'domenick.schultz@example.org', '587', 'm', '1987-08-15', NULL, 'Port Taureanton', '642e83bb1472fbecc2a00c323fdb27b24bd590a4', '1994-11-27 15:29:58');
INSERT INTO `users` (`id`, `firstname`, `lastname`, `mail`, `phone`, `gender`, `birthday`, `photo_id`, `hometown`, `password_hash`, `created_at`) VALUES ('1428', 'Isai', 'Wuckert', 'rick.lowe@example.org', '464103', 'm', '1991-04-25', NULL, 'East Francesca', '43f8f179996349fdbebbfc13752727e6f5475e5d', '1985-07-18 08:36:47');
INSERT INTO `users` (`id`, `firstname`, `lastname`, `mail`, `phone`, `gender`, `birthday`, `photo_id`, `hometown`, `password_hash`, `created_at`) VALUES ('1430', 'Fatima', 'Ankunding', 'enader@example.net', '2863404628', 'm', '2004-12-04', NULL, 'Anselhaven', 'aa43d698af6a448d9cd2bc658daa9708a5f95e4e', '1977-09-17 11:39:12');
INSERT INTO `users` (`id`, `firstname`, `lastname`, `mail`, `phone`, `gender`, `birthday`, `photo_id`, `hometown`, `password_hash`, `created_at`) VALUES ('1431', 'Tre', 'Powlowski', 'muriel93@example.net', '585', 'm', '1980-03-16', NULL, 'South Abdullahstad', '77cbee6b9906090972c3822baac6d50fd9d1710b', '1984-05-21 03:30:11');
INSERT INTO `users` (`id`, `firstname`, `lastname`, `mail`, `phone`, `gender`, `birthday`, `photo_id`, `hometown`, `password_hash`, `created_at`) VALUES ('1432', 'Edwin', 'Corwin', 'emma67@example.net', '247071', 'm', '1997-05-12', NULL, 'West Kattie', '0cb90a71368cadaed041c3491b788811e11e18e5', '2000-03-29 22:22:26');
INSERT INTO `users` (`id`, `firstname`, `lastname`, `mail`, `phone`, `gender`, `birthday`, `photo_id`, `hometown`, `password_hash`, `created_at`) VALUES ('1434', 'Brice', 'Auer', 'isadore05@example.net', '848363', 'f', '2016-09-08', NULL, 'East Lola', 'f6bf7a69076171a154aa6c2751297f464f09f219', '1980-10-16 01:27:26');
INSERT INTO `users` (`id`, `firstname`, `lastname`, `mail`, `phone`, `gender`, `birthday`, `photo_id`, `hometown`, `password_hash`, `created_at`) VALUES ('1437', 'Carolyne', 'Reichert', 'awest@example.org', '80', 'f', '2020-05-25', NULL, 'Jaydeview', 'c783df1b262cce3c35841c3a07ec168d216ec5ea', '1970-11-22 15:56:25');
INSERT INTO `users` (`id`, `firstname`, `lastname`, `mail`, `phone`, `gender`, `birthday`, `photo_id`, `hometown`, `password_hash`, `created_at`) VALUES ('1438', 'Nikolas', 'Lakin', 'keanu96@example.net', '239934', 'm', '1992-06-07', NULL, 'East Jordaneland', '02aabf724cf605bf7e86fed001b8235e8109474b', '2005-01-05 21:28:17');
INSERT INTO `users` (`id`, `firstname`, `lastname`, `mail`, `phone`, `gender`, `birthday`, `photo_id`, `hometown`, `password_hash`, `created_at`) VALUES ('1441', 'Kasey', 'Halvorson', 'lwalsh@example.com', '72', 'm', '1971-09-13', NULL, 'Susanchester', 'eb1087915fd0e998cb264f20307931744bccd7ae', '1975-12-04 11:34:09');
INSERT INTO `users` (`id`, `firstname`, `lastname`, `mail`, `phone`, `gender`, `birthday`, `photo_id`, `hometown`, `password_hash`, `created_at`) VALUES ('1442', 'Myra', 'Doyle', 'okuneva.brenna@example.net', '476803', 'm', '2015-09-21', NULL, 'Bradtkeburgh', '1ea8d16e376539e7f7eac4519eb80eac18d12d4d', '1970-07-21 00:39:12');
INSERT INTO `users` (`id`, `firstname`, `lastname`, `mail`, `phone`, `gender`, `birthday`, `photo_id`, `hometown`, `password_hash`, `created_at`) VALUES ('1443', 'Jasper', 'Quigley', 'pmaggio@example.com', '499', 'f', '1972-10-30', NULL, 'Darienfort', '9899c732b14a5348f485d2538e07b46030378545', '1972-09-17 12:04:36');
INSERT INTO `users` (`id`, `firstname`, `lastname`, `mail`, `phone`, `gender`, `birthday`, `photo_id`, `hometown`, `password_hash`, `created_at`) VALUES ('1445', 'Finn', 'Ryan', 'loyal.mertz@example.org', '949636', 'm', '1991-02-06', NULL, 'Lake Shanystad', '4462a8fe1c88fc3bc2d7ee610564f1e6b92d2fab', '1986-06-20 07:36:08');
INSERT INTO `users` (`id`, `firstname`, `lastname`, `mail`, `phone`, `gender`, `birthday`, `photo_id`, `hometown`, `password_hash`, `created_at`) VALUES ('1447', 'Leonor', 'Maggio', 'max51@example.com', '829687', 'm', '1981-12-25', NULL, 'Hegmannton', 'af434f68678366520cff2e95c431f9fb89f260e9', '2020-11-13 12:34:51');
INSERT INTO `users` (`id`, `firstname`, `lastname`, `mail`, `phone`, `gender`, `birthday`, `photo_id`, `hometown`, `password_hash`, `created_at`) VALUES ('1452', 'Margot', 'Rolfson', 'cale.luettgen@example.net', '76', 'f', '1980-12-06', NULL, 'West Davonte', '157aebefda11f715e2aa86a1f564b5a55e2d98e6', '2001-10-12 02:35:27');
INSERT INTO `users` (`id`, `firstname`, `lastname`, `mail`, `phone`, `gender`, `birthday`, `photo_id`, `hometown`, `password_hash`, `created_at`) VALUES ('1453', 'Rhiannon', 'Sipes', 'aliyah83@example.com', '988410', 'm', '1972-09-20', NULL, 'Lake Dejonland', '917de518b202e575cc08a0f9767ef5e9376322fb', '1995-08-25 16:27:28');
INSERT INTO `users` (`id`, `firstname`, `lastname`, `mail`, `phone`, `gender`, `birthday`, `photo_id`, `hometown`, `password_hash`, `created_at`) VALUES ('1457', 'Gabrielle', 'Smith', 'joan.wolff@example.net', '235901', 'm', '1976-06-17', NULL, 'New Hilarioburgh', '932cb48095da71f515ac81c8f25f80ef45140c7c', '2004-12-24 20:19:47');
INSERT INTO `users` (`id`, `firstname`, `lastname`, `mail`, `phone`, `gender`, `birthday`, `photo_id`, `hometown`, `password_hash`, `created_at`) VALUES ('1459', 'Alf', 'Murray', 'graham90@example.com', '983', 'f', '2017-08-04', NULL, 'Susanaton', 'fe7226d862b29f25b8b5691bf06f2296324acd13', '1986-07-25 18:45:14');
INSERT INTO `users` (`id`, `firstname`, `lastname`, `mail`, `phone`, `gender`, `birthday`, `photo_id`, `hometown`, `password_hash`, `created_at`) VALUES ('1460', 'Marilou', 'Ullrich', 'rath.stevie@example.net', '720', 'm', '1985-05-28', NULL, 'Elianbury', '879ab62714331a1eb748b2f59dbd5e2f6ade41a0', '2018-01-08 23:50:43');
INSERT INTO `users` (`id`, `firstname`, `lastname`, `mail`, `phone`, `gender`, `birthday`, `photo_id`, `hometown`, `password_hash`, `created_at`) VALUES ('1461', 'Lilian', 'Ledner', 'julie29@example.net', '984823', 'f', '2017-01-13', NULL, 'Naderhaven', 'cc4cb91452ac1ef97b4ee9e35c4852549f44e291', '2006-02-25 02:04:24');
INSERT INTO `users` (`id`, `firstname`, `lastname`, `mail`, `phone`, `gender`, `birthday`, `photo_id`, `hometown`, `password_hash`, `created_at`) VALUES ('1463', 'Javier', 'Kris', 'pouros.alessandro@example.com', '390', 'm', '1989-02-15', NULL, 'Lake Joelchester', '695f9b9825db8b99515c4ba94a3fa2ca56f54553', '1980-12-26 23:51:45');
INSERT INTO `users` (`id`, `firstname`, `lastname`, `mail`, `phone`, `gender`, `birthday`, `photo_id`, `hometown`, `password_hash`, `created_at`) VALUES ('1466', 'Carol', 'Oberbrunner', 'kprosacco@example.com', '820939', 'm', '1974-07-09', NULL, 'North Colleen', '0109ce2615c27fac029e5ec5650b0ea1ce7d3f28', '1978-10-17 12:41:51');
INSERT INTO `users` (`id`, `firstname`, `lastname`, `mail`, `phone`, `gender`, `birthday`, `photo_id`, `hometown`, `password_hash`, `created_at`) VALUES ('1468', 'Maryjane', 'Hermiston', 'tstanton@example.net', '5', 'm', '1983-02-04', NULL, 'Lake Sandymouth', '4f2701164819043341b4c12080a17b8527d078f4', '1978-08-28 18:05:19');
INSERT INTO `users` (`id`, `firstname`, `lastname`, `mail`, `phone`, `gender`, `birthday`, `photo_id`, `hometown`, `password_hash`, `created_at`) VALUES ('1471', 'Thad', 'Medhurst', 'howell12@example.com', '616914', 'm', '2009-11-01', NULL, 'New Izabellatown', '86e5f5dd6a11ca86cde508e7d277ea6093b94505', '2007-03-27 21:34:48');
INSERT INTO `users` (`id`, `firstname`, `lastname`, `mail`, `phone`, `gender`, `birthday`, `photo_id`, `hometown`, `password_hash`, `created_at`) VALUES ('1472', 'Milan', 'Buckridge', 'jazmyn06@example.org', '748799', 'm', '1993-09-20', NULL, 'South Tyshawn', 'a2f6e77f2409c10b1c2b4c9d8b70495d388590b6', '2012-09-23 08:30:37');
INSERT INTO `users` (`id`, `firstname`, `lastname`, `mail`, `phone`, `gender`, `birthday`, `photo_id`, `hometown`, `password_hash`, `created_at`) VALUES ('1473', 'Vivienne', 'Ward', 'una25@example.com', '744', 'm', '2006-12-17', NULL, 'Shanaview', 'e1481ddc3ba573d3aed585cd1028f3c61f3ce729', '1976-10-19 08:51:10');
INSERT INTO `users` (`id`, `firstname`, `lastname`, `mail`, `phone`, `gender`, `birthday`, `photo_id`, `hometown`, `password_hash`, `created_at`) VALUES ('1475', 'Leone', 'Kessler', 'alexandro96@example.org', '792', 'm', '2011-05-27', NULL, 'Bernieport', '1d863d3c3c04cfdaba3d224489b0308b31c10b20', '1972-05-15 05:50:24');
INSERT INTO `users` (`id`, `firstname`, `lastname`, `mail`, `phone`, `gender`, `birthday`, `photo_id`, `hometown`, `password_hash`, `created_at`) VALUES ('1478', 'Macy', 'Fritsch', 'katharina10@example.net', '737454', 'm', '2016-07-13', NULL, 'Erdmantown', '44b7b010789e7157564f62398d1fc1a27efa0b65', '1976-05-18 18:38:07');
INSERT INTO `users` (`id`, `firstname`, `lastname`, `mail`, `phone`, `gender`, `birthday`, `photo_id`, `hometown`, `password_hash`, `created_at`) VALUES ('1479', 'Savanah', 'Haag', 'weber.dawson@example.net', '731830', 'f', '1990-03-20', NULL, 'East Ola', '5343e98bb2e5ebcebf99483cba3a7ed234647cf7', '1982-09-12 05:42:17');
INSERT INTO `users` (`id`, `firstname`, `lastname`, `mail`, `phone`, `gender`, `birthday`, `photo_id`, `hometown`, `password_hash`, `created_at`) VALUES ('1487', 'Tessie', 'Goldner', 'nia.sanford@example.net', '184971314', 'm', '1993-07-12', NULL, 'Rolandofort', '9a39ca849e5cd995c22b0c491a6e7252953008e1', '2016-08-02 09:51:58');
INSERT INTO `users` (`id`, `firstname`, `lastname`, `mail`, `phone`, `gender`, `birthday`, `photo_id`, `hometown`, `password_hash`, `created_at`) VALUES ('1488', 'Burley', 'Larson', 'dupton@example.net', '958120', 'f', '2004-07-15', NULL, 'Lake Coralie', '8e814ab0a6760b29372f1171df487bb55cb4a0e4', '1970-09-22 18:41:43');
INSERT INTO `users` (`id`, `firstname`, `lastname`, `mail`, `phone`, `gender`, `birthday`, `photo_id`, `hometown`, `password_hash`, `created_at`) VALUES ('1489', 'Randi', 'Mohr', 'feest.orin@example.org', '853743', 'f', '2006-05-27', NULL, 'South Earnestineside', 'e5131250b99dd9ec76b5957112444c0c00260aba', '2016-04-04 00:14:17');
INSERT INTO `users` (`id`, `firstname`, `lastname`, `mail`, `phone`, `gender`, `birthday`, `photo_id`, `hometown`, `password_hash`, `created_at`) VALUES ('1490', 'Ila', 'Ward', 'ttorp@example.org', '884', 'f', '2000-05-21', NULL, 'Monicaport', '9adef1ecdfe93ebfeaa7e0259804c92b7512c4a4', '2003-10-08 04:38:54');
INSERT INTO `users` (`id`, `firstname`, `lastname`, `mail`, `phone`, `gender`, `birthday`, `photo_id`, `hometown`, `password_hash`, `created_at`) VALUES ('1492', 'Chelsea', 'VonRueden', 'lambert.gislason@example.net', '448', 'f', '2018-07-07', NULL, 'East Deliabury', '790b4e63862b4d734742ea51a8bc83f0f4363740', '2005-01-10 12:50:16');
INSERT INTO `users` (`id`, `firstname`, `lastname`, `mail`, `phone`, `gender`, `birthday`, `photo_id`, `hometown`, `password_hash`, `created_at`) VALUES ('1493', 'Chaim', 'Schoen', 'calista.simonis@example.org', '644753', 'f', '2009-12-07', NULL, 'East Gabe', 'eea5847fa1604bec08bc4890d158a7754022e4a3', '1990-08-08 17:55:01');
INSERT INTO `users` (`id`, `firstname`, `lastname`, `mail`, `phone`, `gender`, `birthday`, `photo_id`, `hometown`, `password_hash`, `created_at`) VALUES ('1495', 'Brisa', 'Yost', 'barton.altenwerth@example.com', '525', 'm', '2000-05-05', NULL, 'Russelmouth', '7a71109af34ab72402185572ab962d99227f27af', '1987-08-11 14:15:24');
INSERT INTO `users` (`id`, `firstname`, `lastname`, `mail`, `phone`, `gender`, `birthday`, `photo_id`, `hometown`, `password_hash`, `created_at`) VALUES ('1497', 'Alexane', 'Hodkiewicz', 'klein.enola@example.org', '475263', 'm', '1983-04-26', NULL, 'Cronaborough', '725f1205024f0684a2cafccc30770c7307b43d67', '1982-11-07 09:04:57');
INSERT INTO `users` (`id`, `firstname`, `lastname`, `mail`, `phone`, `gender`, `birthday`, `photo_id`, `hometown`, `password_hash`, `created_at`) VALUES ('1499', 'Karine', 'Dickens', 'lesly.dicki@example.com', '5764404291', 'f', '2021-03-05', NULL, 'North Ruthe', '1755a368727360e2b54ad6bad8ea20cd3d43d85e', '1987-07-16 19:57:59');
INSERT INTO `users` (`id`, `firstname`, `lastname`, `mail`, `phone`, `gender`, `birthday`, `photo_id`, `hometown`, `password_hash`, `created_at`) VALUES ('1502', 'Allison', 'Herzog', 'obernier@example.com', '563', 'f', '2018-12-03', NULL, 'North Kalebtown', '90b1a65d2fba6286ae07823c2f165ceb2435191f', '2010-01-08 16:22:08');
INSERT INTO `users` (`id`, `firstname`, `lastname`, `mail`, `phone`, `gender`, `birthday`, `photo_id`, `hometown`, `password_hash`, `created_at`) VALUES ('1503', 'Carolyne', 'Mante', 'xgislason@example.com', '573248', 'f', '2003-09-02', NULL, 'Bryonton', '71ac4ec005dc6fc8f9fb8f5403fdd64cd5a1188a', '2012-12-18 16:13:10');
INSERT INTO `users` (`id`, `firstname`, `lastname`, `mail`, `phone`, `gender`, `birthday`, `photo_id`, `hometown`, `password_hash`, `created_at`) VALUES ('1504', 'Lila', 'Johns', 'luisa13@example.com', '274069', 'm', '1981-08-23', NULL, 'Port Hesterhaven', '711f139463f30248a9ccc9d3c4e5c658f40a6375', '1991-03-09 14:43:47');
INSERT INTO `users` (`id`, `firstname`, `lastname`, `mail`, `phone`, `gender`, `birthday`, `photo_id`, `hometown`, `password_hash`, `created_at`) VALUES ('1509', 'Alene', 'Batz', 'quinton88@example.com', '381372', 'f', '2012-02-23', NULL, 'East Geovany', 'd351fba44f2cca1d5099396bb9b622db60907c15', '2000-04-28 07:10:09');
INSERT INTO `users` (`id`, `firstname`, `lastname`, `mail`, `phone`, `gender`, `birthday`, `photo_id`, `hometown`, `password_hash`, `created_at`) VALUES ('1511', 'Cyril', 'Schamberger', 'fmorar@example.org', '550', 'm', '2009-11-23', NULL, 'New Floshire', 'f4c34c9a0a1821e06bff82416ca79ce65471f3c5', '1970-01-27 09:57:25');
INSERT INTO `users` (`id`, `firstname`, `lastname`, `mail`, `phone`, `gender`, `birthday`, `photo_id`, `hometown`, `password_hash`, `created_at`) VALUES ('1512', 'Henry', 'Reinger', 'steuber.rosella@example.net', '8129176341', 'f', '1971-05-31', NULL, 'Abbigailport', '4fcd9a03da5fae32a2ba6d8620d1ee62ab9ced14', '1976-10-20 19:08:04');
INSERT INTO `users` (`id`, `firstname`, `lastname`, `mail`, `phone`, `gender`, `birthday`, `photo_id`, `hometown`, `password_hash`, `created_at`) VALUES ('1514', 'Kiana', 'Grimes', 'fisher.christa@example.net', '699', 'f', '1999-05-16', NULL, 'East Bryanafurt', 'db99be7aa13435b18ce6275f9d75b1cc6b1ab760', '1987-06-21 18:23:13');
INSERT INTO `users` (`id`, `firstname`, `lastname`, `mail`, `phone`, `gender`, `birthday`, `photo_id`, `hometown`, `password_hash`, `created_at`) VALUES ('1516', 'Sienna', 'Romaguera', 'mervin13@example.org', '108396', 'f', '1984-05-04', NULL, 'Caitlynton', '65d6de940c62132ccc2f7f65996698991aeeee81', '1989-08-29 05:27:17');
INSERT INTO `users` (`id`, `firstname`, `lastname`, `mail`, `phone`, `gender`, `birthday`, `photo_id`, `hometown`, `password_hash`, `created_at`) VALUES ('1518', 'Jalyn', 'West', 'bednar.katlynn@example.org', '479359', 'f', '1988-08-07', NULL, 'North Monique', 'dbfc3dde3120312f01c09d338c5c6790195615f7', '2008-08-17 15:05:52');
INSERT INTO `users` (`id`, `firstname`, `lastname`, `mail`, `phone`, `gender`, `birthday`, `photo_id`, `hometown`, `password_hash`, `created_at`) VALUES ('1519', 'Stephon', 'Thiel', 'loberbrunner@example.net', '178', 'm', '1989-08-16', NULL, 'North Emmaland', '2f62b3d724181fa2258e234ef8b9e8ba02230688', '2000-04-20 14:57:30');
INSERT INTO `users` (`id`, `firstname`, `lastname`, `mail`, `phone`, `gender`, `birthday`, `photo_id`, `hometown`, `password_hash`, `created_at`) VALUES ('1521', 'Lauryn', 'Keebler', 'nienow.werner@example.net', '515', 'f', '2011-02-27', NULL, 'South Aditya', '2251b3aba7a067fabcd3ad0a97a00ef9edc1cf2b', '1980-09-18 01:48:18');
INSERT INTO `users` (`id`, `firstname`, `lastname`, `mail`, `phone`, `gender`, `birthday`, `photo_id`, `hometown`, `password_hash`, `created_at`) VALUES ('1522', 'Florida', 'Funk', 'colton.bailey@example.net', '44', 'm', '2011-09-09', NULL, 'Sanfordland', 'f85b07df6e24c7f785d359e0b5739589ea0606f1', '2013-08-26 19:59:41');
INSERT INTO `users` (`id`, `firstname`, `lastname`, `mail`, `phone`, `gender`, `birthday`, `photo_id`, `hometown`, `password_hash`, `created_at`) VALUES ('1524', 'Ernesto', 'Kirlin', 'christopher.gusikowski@example.org', '84', 'm', '1999-12-06', NULL, 'West Jadyn', '3c974affae148e6795e2dd9bc62830305c40a6ab', '1980-07-01 19:48:11');
INSERT INTO `users` (`id`, `firstname`, `lastname`, `mail`, `phone`, `gender`, `birthday`, `photo_id`, `hometown`, `password_hash`, `created_at`) VALUES ('1527', 'Marisa', 'Effertz', 'jonatan.glover@example.org', '90', 'f', '1988-03-14', NULL, 'Jeanetteside', '91e77147c017ec40116295ba645e05286eedb6dd', '2004-02-24 05:47:31');
INSERT INTO `users` (`id`, `firstname`, `lastname`, `mail`, `phone`, `gender`, `birthday`, `photo_id`, `hometown`, `password_hash`, `created_at`) VALUES ('1528', 'Colleen', 'Kemmer', 'dooley.ray@example.com', '7375196269', 'm', '1988-12-11', NULL, 'Roobmouth', 'f24919c5aae9d7b81aafc1973fb247d69ba529cb', '2002-09-04 17:55:11');
INSERT INTO `users` (`id`, `firstname`, `lastname`, `mail`, `phone`, `gender`, `birthday`, `photo_id`, `hometown`, `password_hash`, `created_at`) VALUES ('1536', 'Edyth', 'Koelpin', 'cormier.bette@example.org', '261069975', 'f', '1990-01-10', NULL, 'Fredberg', 'ed65aa17880b8272cbce74b58f45a2aaa05a7f14', '1987-03-22 03:07:04');
INSERT INTO `users` (`id`, `firstname`, `lastname`, `mail`, `phone`, `gender`, `birthday`, `photo_id`, `hometown`, `password_hash`, `created_at`) VALUES ('1537', 'Schuyler', 'Dickinson', 'george06@example.org', '94', 'f', '2011-04-09', NULL, 'Nikolauston', '453d0b7d607b32aa9a7f51214b14d4b62cc58797', '1999-05-19 03:24:41');
INSERT INTO `users` (`id`, `firstname`, `lastname`, `mail`, `phone`, `gender`, `birthday`, `photo_id`, `hometown`, `password_hash`, `created_at`) VALUES ('1539', 'Brannon', 'Jakubowski', 'jalon.heathcote@example.net', '598046', 'f', '1999-08-22', NULL, 'Eleanoraton', '888bdd99663ddb23cdc9829b8ad9a0caf1037c4b', '1985-08-27 21:51:27');
INSERT INTO `users` (`id`, `firstname`, `lastname`, `mail`, `phone`, `gender`, `birthday`, `photo_id`, `hometown`, `password_hash`, `created_at`) VALUES ('1544', 'Zack', 'Dicki', 'murray.mozell@example.com', '984', 'f', '1991-03-11', NULL, 'O\'Konville', '4177a6c576582d30af476e3f6c621848f15c86d2', '1996-01-02 19:04:51');
INSERT INTO `users` (`id`, `firstname`, `lastname`, `mail`, `phone`, `gender`, `birthday`, `photo_id`, `hometown`, `password_hash`, `created_at`) VALUES ('1545', 'Cielo', 'Wolff', 'ernser.chad@example.org', '102097', 'f', '2005-10-15', NULL, 'North Lazaro', 'c2ed92c06b7a68a1b687538839b8590250a64823', '1988-08-07 15:03:59');
INSERT INTO `users` (`id`, `firstname`, `lastname`, `mail`, `phone`, `gender`, `birthday`, `photo_id`, `hometown`, `password_hash`, `created_at`) VALUES ('1546', 'Frida', 'Pfeffer', 'regan.gleichner@example.net', '9633300253', 'm', '1979-04-19', NULL, 'Lake Chelseaside', '1604ceca044c431ed2e40459f19ba53a7a924908', '1989-12-02 07:04:22');
INSERT INTO `users` (`id`, `firstname`, `lastname`, `mail`, `phone`, `gender`, `birthday`, `photo_id`, `hometown`, `password_hash`, `created_at`) VALUES ('1547', 'Gertrude', 'Hermann', 'fgorczany@example.com', '47', 'f', '1991-09-01', NULL, 'Adolfburgh', 'cc3d722da133c913fcfeb9070ed3d99d02c1d260', '1972-11-23 19:07:05');
INSERT INTO `users` (`id`, `firstname`, `lastname`, `mail`, `phone`, `gender`, `birthday`, `photo_id`, `hometown`, `password_hash`, `created_at`) VALUES ('1550', 'Frederick', 'Waelchi', 'conor98@example.com', '194570', 'f', '2020-09-08', NULL, 'Gutmannland', 'c89e500bf1dc864712a31fb1f394a610d8c28c66', '1997-11-04 19:28:56');
INSERT INTO `users` (`id`, `firstname`, `lastname`, `mail`, `phone`, `gender`, `birthday`, `photo_id`, `hometown`, `password_hash`, `created_at`) VALUES ('1551', 'Mason', 'Kunze', 'julian.dicki@example.com', '357', 'm', '1994-05-16', NULL, 'Kuhichaven', 'b25141c05ddd15f30ad997e046e9ba535689d687', '2006-11-08 14:46:42');
INSERT INTO `users` (`id`, `firstname`, `lastname`, `mail`, `phone`, `gender`, `birthday`, `photo_id`, `hometown`, `password_hash`, `created_at`) VALUES ('1552', 'Ansel', 'Carroll', 'libby.torphy@example.com', '642', 'm', '1988-05-21', NULL, 'Palmamouth', '8bc496bef9a94dd4eb890eb1160ba333f6f2fd81', '1995-06-07 12:15:14');
INSERT INTO `users` (`id`, `firstname`, `lastname`, `mail`, `phone`, `gender`, `birthday`, `photo_id`, `hometown`, `password_hash`, `created_at`) VALUES ('1555', 'Madyson', 'Stamm', 'nienow.paxton@example.com', '797999', 'm', '1994-07-28', NULL, 'Frankieview', '47c18fed2af5d5cb408a8ece7e336b76273ad395', '1973-11-01 07:57:24');
INSERT INTO `users` (`id`, `firstname`, `lastname`, `mail`, `phone`, `gender`, `birthday`, `photo_id`, `hometown`, `password_hash`, `created_at`) VALUES ('1556', 'Bertha', 'Roob', 'isac.miller@example.net', '110', 'f', '2008-01-20', NULL, 'South Lonzo', 'd55b8e791ab9148c722f81a8670f709ca489b1f1', '2010-03-18 08:29:17');
INSERT INTO `users` (`id`, `firstname`, `lastname`, `mail`, `phone`, `gender`, `birthday`, `photo_id`, `hometown`, `password_hash`, `created_at`) VALUES ('1557', 'Dean', 'Roob', 'grant.pete@example.org', '2136', 'm', '2011-03-11', NULL, 'Edmondchester', 'f2ba5519401025e45df85da97bb0116b9468a04f', '2014-09-16 20:53:46');
INSERT INTO `users` (`id`, `firstname`, `lastname`, `mail`, `phone`, `gender`, `birthday`, `photo_id`, `hometown`, `password_hash`, `created_at`) VALUES ('1558', 'Tiara', 'King', 'presley89@example.com', '9402188556', 'f', '1995-10-30', NULL, 'East Euna', 'debbce5944af032a34d9f094f9d13fb8a9a2e69d', '1973-12-12 10:10:49');
INSERT INTO `users` (`id`, `firstname`, `lastname`, `mail`, `phone`, `gender`, `birthday`, `photo_id`, `hometown`, `password_hash`, `created_at`) VALUES ('1559', 'Hal', 'Kuvalis', 'korbin.funk@example.net', '161038', 'm', '1976-01-10', NULL, 'North Darlenemouth', 'd2e8d31986a2fc6bd58fd309e4d917257ae45a21', '1989-09-08 21:35:47');
INSERT INTO `users` (`id`, `firstname`, `lastname`, `mail`, `phone`, `gender`, `birthday`, `photo_id`, `hometown`, `password_hash`, `created_at`) VALUES ('1560', 'Sabrina', 'Little', 'gisselle.predovic@example.net', '1808589229', 'm', '1990-04-22', NULL, 'Hoppehaven', 'eb5a23cd4e7af9c7ea8ec22cc4ab3c169191bfa7', '2010-11-16 17:12:02');
INSERT INTO `users` (`id`, `firstname`, `lastname`, `mail`, `phone`, `gender`, `birthday`, `photo_id`, `hometown`, `password_hash`, `created_at`) VALUES ('1561', 'Jedediah', 'Hand', 'fwill@example.net', '40415', 'f', '2007-02-12', NULL, 'West Jordan', '8895c2186f2f66514c53e0bd2def32d6cf0d8341', '2018-05-11 12:23:15');
INSERT INTO `users` (`id`, `firstname`, `lastname`, `mail`, `phone`, `gender`, `birthday`, `photo_id`, `hometown`, `password_hash`, `created_at`) VALUES ('1562', 'Efrain', 'Muller', 'ewell79@example.com', '657', 'f', '2019-02-03', NULL, 'North Kirstin', '63172a91395e25e9ecb58481ace5fde607c8c2a6', '1992-09-24 06:16:36');
INSERT INTO `users` (`id`, `firstname`, `lastname`, `mail`, `phone`, `gender`, `birthday`, `photo_id`, `hometown`, `password_hash`, `created_at`) VALUES ('1563', 'Monica', 'Sawayn', 'hkoch@example.com', '5661082159', 'f', '1976-07-25', NULL, 'Lake Tevin', 'ecf937cf801f40b0ecb173121185a59723062d1d', '1974-10-23 07:40:49');
INSERT INTO `users` (`id`, `firstname`, `lastname`, `mail`, `phone`, `gender`, `birthday`, `photo_id`, `hometown`, `password_hash`, `created_at`) VALUES ('1567', 'Werner', 'Gutkowski', 'odessa.steuber@example.org', '26', 'f', '1979-05-03', NULL, 'Rosenbaumton', '7a9333b1281cb2a91d8b935e402758b3f1605afc', '1991-08-02 07:14:11');
INSERT INTO `users` (`id`, `firstname`, `lastname`, `mail`, `phone`, `gender`, `birthday`, `photo_id`, `hometown`, `password_hash`, `created_at`) VALUES ('1568', 'Deven', 'Ankunding', 'beahan.cleveland@example.org', '832', 'm', '1996-04-14', NULL, 'North Bethborough', 'e62173a76b3ce38dc5c6fa68a6ddbc3e64ea98de', '1974-10-11 19:30:01');
INSERT INTO `users` (`id`, `firstname`, `lastname`, `mail`, `phone`, `gender`, `birthday`, `photo_id`, `hometown`, `password_hash`, `created_at`) VALUES ('1569', 'Ines', 'Ullrich', 'betsy09@example.com', '152662', 'm', '2011-05-18', NULL, 'Port Emanuel', '65769220d34b44befcc62ffedd6a53b681cd04a0', '2009-07-06 11:00:47');
INSERT INTO `users` (`id`, `firstname`, `lastname`, `mail`, `phone`, `gender`, `birthday`, `photo_id`, `hometown`, `password_hash`, `created_at`) VALUES ('1570', 'Ernest', 'Lynch', 'adah22@example.com', '383122', 'f', '1996-02-16', NULL, 'Coraliefurt', '787614d92ffa259eb11f86a09045c3b3bfac5faa', '1975-02-22 19:44:21');
INSERT INTO `users` (`id`, `firstname`, `lastname`, `mail`, `phone`, `gender`, `birthday`, `photo_id`, `hometown`, `password_hash`, `created_at`) VALUES ('1571', 'Leonie', 'Lindgren', 'lueilwitz.damaris@example.net', '683062', 'f', '2010-01-04', NULL, 'Port Alysson', 'b9a4aa7aad190e5d46f34aa44a2a66b60d19fccc', '1984-10-04 02:57:28');
INSERT INTO `users` (`id`, `firstname`, `lastname`, `mail`, `phone`, `gender`, `birthday`, `photo_id`, `hometown`, `password_hash`, `created_at`) VALUES ('1572', 'Icie', 'Wolff', 'meggie07@example.net', '44077', 'f', '2012-03-14', NULL, 'Dickensburgh', '66c0b39a5444a653c0852d4f98e3b3548dfa3cac', '2009-05-13 07:14:31');
INSERT INTO `users` (`id`, `firstname`, `lastname`, `mail`, `phone`, `gender`, `birthday`, `photo_id`, `hometown`, `password_hash`, `created_at`) VALUES ('1573', 'Brendan', 'Ryan', 'quigley.colt@example.com', '3663049', 'f', '2007-02-01', NULL, 'Altenwerthview', '86e4d8d7b8f2e69dda0547f92732bd429779c003', '1970-03-22 11:05:01');
INSERT INTO `users` (`id`, `firstname`, `lastname`, `mail`, `phone`, `gender`, `birthday`, `photo_id`, `hometown`, `password_hash`, `created_at`) VALUES ('1574', 'Maxime', 'Johnston', 'jon.ortiz@example.net', '106', 'm', '2010-04-30', NULL, 'New Lacybury', 'd53b6cb8f7ab3db7bc03016f59632547af0517b6', '2007-05-09 06:21:43');
INSERT INTO `users` (`id`, `firstname`, `lastname`, `mail`, `phone`, `gender`, `birthday`, `photo_id`, `hometown`, `password_hash`, `created_at`) VALUES ('1576', 'Leola', 'Abernathy', 'witting.calista@example.com', '9882475708', 'f', '2005-02-02', NULL, 'West Elishaton', 'b984641237a3179fc3668cdc5b6e1f950f261424', '1983-06-07 23:51:51');
INSERT INTO `users` (`id`, `firstname`, `lastname`, `mail`, `phone`, `gender`, `birthday`, `photo_id`, `hometown`, `password_hash`, `created_at`) VALUES ('1578', 'Maverick', 'Terry', 'trevor.o\'hara@example.net', '198', 'm', '2016-02-05', NULL, 'Rathmouth', '96ef7c4155bc816fdc8af840ae0025d0df24f682', '1986-05-02 20:47:22');
INSERT INTO `users` (`id`, `firstname`, `lastname`, `mail`, `phone`, `gender`, `birthday`, `photo_id`, `hometown`, `password_hash`, `created_at`) VALUES ('1579', 'Santino', 'Rosenbaum', 'bsawayn@example.com', '941', 'f', '1988-05-21', NULL, 'Groverfurt', 'faf9cf075ab6ca9fb7e814d714261c7263e1462a', '2016-07-10 01:18:51');
INSERT INTO `users` (`id`, `firstname`, `lastname`, `mail`, `phone`, `gender`, `birthday`, `photo_id`, `hometown`, `password_hash`, `created_at`) VALUES ('1581', 'Brooke', 'Hoeger', 'camryn75@example.net', '9036141741', 'm', '1999-06-09', NULL, 'Robbieville', '4126cb242d506374b122314d8d9074b85b6deadc', '1982-01-08 00:50:23');
INSERT INTO `users` (`id`, `firstname`, `lastname`, `mail`, `phone`, `gender`, `birthday`, `photo_id`, `hometown`, `password_hash`, `created_at`) VALUES ('1583', 'Newell', 'Lang', 'pzboncak@example.com', '302', 'f', '1975-12-31', NULL, 'East Everardobury', '524a51c9f593cfcdd9827b0b92910078427410c1', '2011-02-15 16:53:05');
INSERT INTO `users` (`id`, `firstname`, `lastname`, `mail`, `phone`, `gender`, `birthday`, `photo_id`, `hometown`, `password_hash`, `created_at`) VALUES ('1584', 'Cruz', 'Hamill', 'conor42@example.org', '215489', 'f', '2010-10-10', NULL, 'Eldonmouth', '7b242b2c62b2f43980d27f09f273dfe1ee7a3a43', '2018-05-07 07:10:54');
INSERT INTO `users` (`id`, `firstname`, `lastname`, `mail`, `phone`, `gender`, `birthday`, `photo_id`, `hometown`, `password_hash`, `created_at`) VALUES ('1589', 'Melyna', 'Rau', 'jeramie58@example.com', '515050', 'f', '1977-01-24', NULL, 'Port Letha', '3a1dbf3bba62266b19efae204d021fb56860b052', '2006-01-11 04:26:34');
INSERT INTO `users` (`id`, `firstname`, `lastname`, `mail`, `phone`, `gender`, `birthday`, `photo_id`, `hometown`, `password_hash`, `created_at`) VALUES ('1592', 'Tyrique', 'Bernier', 'jgottlieb@example.com', '982546', 'm', '1987-09-23', NULL, 'New Wilbershire', '28e7de29d70ad8ff68e800d2980b006dc70a050c', '1981-01-17 11:02:54');
INSERT INTO `users` (`id`, `firstname`, `lastname`, `mail`, `phone`, `gender`, `birthday`, `photo_id`, `hometown`, `password_hash`, `created_at`) VALUES ('1594', 'Maximillian', 'Emard', 'fskiles@example.org', '712', 'm', '2017-10-31', NULL, 'Enaborough', 'd9b59db86c55a676acc217b57bff344788bae831', '1978-08-02 23:37:21');
INSERT INTO `users` (`id`, `firstname`, `lastname`, `mail`, `phone`, `gender`, `birthday`, `photo_id`, `hometown`, `password_hash`, `created_at`) VALUES ('1595', 'Alexandro', 'Gerlach', 'dock60@example.org', '43', 'm', '1985-10-25', NULL, 'Lake Darrel', 'adafe296a280c33d9a6d7bd9d54752a7492a610d', '2008-02-25 03:01:35');
INSERT INTO `users` (`id`, `firstname`, `lastname`, `mail`, `phone`, `gender`, `birthday`, `photo_id`, `hometown`, `password_hash`, `created_at`) VALUES ('1596', 'Otho', 'Goldner', 'xdibbert@example.net', '733', 'f', '1999-05-28', NULL, 'North Jessikachester', 'e0835602b190cc821c89bc2d41b09bb561c65200', '2021-02-22 19:40:46');
INSERT INTO `users` (`id`, `firstname`, `lastname`, `mail`, `phone`, `gender`, `birthday`, `photo_id`, `hometown`, `password_hash`, `created_at`) VALUES ('1597', 'Glenna', 'Reinger', 'ckirlin@example.org', '378242', 'f', '1998-04-10', NULL, 'Emmerichfort', '9806632b9622690f88991c357b81063e750701b4', '1990-09-06 09:46:10');
INSERT INTO `users` (`id`, `firstname`, `lastname`, `mail`, `phone`, `gender`, `birthday`, `photo_id`, `hometown`, `password_hash`, `created_at`) VALUES ('1598', 'Lilla', 'Schmeler', 'alivia28@example.com', '312', 'm', '2011-10-17', NULL, 'South Jayceport', '31ddf1c1b82e521b519991ad5e8cf6de0cd2b1da', '1976-06-30 03:32:13');
INSERT INTO `users` (`id`, `firstname`, `lastname`, `mail`, `phone`, `gender`, `birthday`, `photo_id`, `hometown`, `password_hash`, `created_at`) VALUES ('1599', 'Gerard', 'Abernathy', 'zhuels@example.org', '804030', 'f', '1993-02-19', NULL, 'South Eduardo', 'e491b037314a0ee9ed323e08159e1c8f91190588', '1997-06-19 05:21:30');
INSERT INTO `users` (`id`, `firstname`, `lastname`, `mail`, `phone`, `gender`, `birthday`, `photo_id`, `hometown`, `password_hash`, `created_at`) VALUES ('1601', 'Judson', 'VonRueden', 'oral28@example.org', '375364', 'f', '1994-02-24', NULL, 'Port Skye', 'ce185ca72201be3d85c89ab75578b2a84d110bd8', '1985-08-12 14:05:43');
INSERT INTO `users` (`id`, `firstname`, `lastname`, `mail`, `phone`, `gender`, `birthday`, `photo_id`, `hometown`, `password_hash`, `created_at`) VALUES ('1604', 'Letitia', 'Gaylord', 'jazmyn.o\'keefe@example.com', '9', 'm', '1988-08-30', NULL, 'North Margarettland', '441aff95b48027739b599f3e72d878dce1c81852', '2020-08-26 12:33:03');
INSERT INTO `users` (`id`, `firstname`, `lastname`, `mail`, `phone`, `gender`, `birthday`, `photo_id`, `hometown`, `password_hash`, `created_at`) VALUES ('1606', 'Jarrett', 'Deckow', 'tremayne80@example.net', '522193', 'f', '1996-12-03', NULL, 'Lake Arnohaven', '20322740f924814719d2b1a13c0854fe31e22832', '1974-12-05 08:29:22');
INSERT INTO `users` (`id`, `firstname`, `lastname`, `mail`, `phone`, `gender`, `birthday`, `photo_id`, `hometown`, `password_hash`, `created_at`) VALUES ('1607', 'Anibal', 'Zulauf', 'pwisozk@example.com', '52', 'f', '1978-01-16', NULL, 'Port Filomena', '7a308e07347b148b6fb6838c58fe40ee0f81ac90', '1980-03-05 04:09:21');
INSERT INTO `users` (`id`, `firstname`, `lastname`, `mail`, `phone`, `gender`, `birthday`, `photo_id`, `hometown`, `password_hash`, `created_at`) VALUES ('1608', 'Adrien', 'Zemlak', 'abernathy.derrick@example.com', '1563438850', 'f', '2012-12-09', NULL, 'Lake Pierre', 'fa94ab2e02f18c92987c7786c9207f9ebb80b310', '1995-11-19 19:01:12');
INSERT INTO `users` (`id`, `firstname`, `lastname`, `mail`, `phone`, `gender`, `birthday`, `photo_id`, `hometown`, `password_hash`, `created_at`) VALUES ('1610', 'Joan', 'Bailey', 'deangelo.predovic@example.net', '331835', 'f', '1988-06-17', NULL, 'Eleonoreland', 'f72b1eae00e46f58fb836b580c2cdfa812f00ac8', '1997-02-22 09:21:31');
INSERT INTO `users` (`id`, `firstname`, `lastname`, `mail`, `phone`, `gender`, `birthday`, `photo_id`, `hometown`, `password_hash`, `created_at`) VALUES ('1611', 'Brenden', 'Robel', 'ullrich.nolan@example.org', '350691', 'm', '2004-07-31', NULL, 'North Julientown', 'd45ae6aee67d734f4538e045b27e567d5e421a85', '1990-08-18 16:13:36');
INSERT INTO `users` (`id`, `firstname`, `lastname`, `mail`, `phone`, `gender`, `birthday`, `photo_id`, `hometown`, `password_hash`, `created_at`) VALUES ('1612', 'Hillard', 'Kautzer', 'langworth.susan@example.net', '937', 'f', '2017-08-02', NULL, 'North Isaac', 'ba5cffa0ea1de27f56feb1a3d66aa73aa49a1d22', '1972-01-16 08:26:30');
INSERT INTO `users` (`id`, `firstname`, `lastname`, `mail`, `phone`, `gender`, `birthday`, `photo_id`, `hometown`, `password_hash`, `created_at`) VALUES ('1613', 'Shyanne', 'Bernier', 'prunolfsson@example.org', '749517', 'f', '2009-01-17', NULL, 'Reynoldsside', 'ff03a06e4e39589ba7d0d93b26486a96705f8efb', '1979-11-23 05:34:16');
INSERT INTO `users` (`id`, `firstname`, `lastname`, `mail`, `phone`, `gender`, `birthday`, `photo_id`, `hometown`, `password_hash`, `created_at`) VALUES ('1617', 'Cleora', 'Nader', 'irau@example.com', '666', 'f', '1987-06-04', NULL, 'Tadmouth', '2662d126b7b9e4067360fa1f98c512ebd937a850', '1975-10-28 13:53:53');
INSERT INTO `users` (`id`, `firstname`, `lastname`, `mail`, `phone`, `gender`, `birthday`, `photo_id`, `hometown`, `password_hash`, `created_at`) VALUES ('1620', 'Mason', 'Herman', 'keshawn.hintz@example.com', '535', 'f', '1997-10-24', NULL, 'North Susie', 'fd2f2cd0ae2f79b1a31d8bb123a0583c68a60617', '2020-05-22 06:54:12');
INSERT INTO `users` (`id`, `firstname`, `lastname`, `mail`, `phone`, `gender`, `birthday`, `photo_id`, `hometown`, `password_hash`, `created_at`) VALUES ('1624', 'Gunnar', 'Howe', 'evelyn.predovic@example.org', '82', 'm', '1987-09-22', NULL, 'Hammesmouth', 'ca80a76b89f42d1e0fd7af5ebd6e77f83152de14', '2014-09-01 14:05:02');
INSERT INTO `users` (`id`, `firstname`, `lastname`, `mail`, `phone`, `gender`, `birthday`, `photo_id`, `hometown`, `password_hash`, `created_at`) VALUES ('1625', 'Caleigh', 'Kulas', 'hahn.alysha@example.org', '66', 'm', '2020-12-13', NULL, 'Stokesville', '933d298a3c8a16237b223e29d8f86ede5db485c6', '1983-11-21 17:57:42');
INSERT INTO `users` (`id`, `firstname`, `lastname`, `mail`, `phone`, `gender`, `birthday`, `photo_id`, `hometown`, `password_hash`, `created_at`) VALUES ('1627', 'Estevan', 'Muller', 'mills.ambrose@example.net', '880936', 'f', '2001-07-25', NULL, 'Emmachester', '5722aff5d11642441c15cbfc8d5c8da161fb0fea', '2010-12-13 23:47:46');
INSERT INTO `users` (`id`, `firstname`, `lastname`, `mail`, `phone`, `gender`, `birthday`, `photo_id`, `hometown`, `password_hash`, `created_at`) VALUES ('1631', 'Shaun', 'Veum', 'ocormier@example.org', '655', 'f', '2004-12-28', NULL, 'Beierville', '2d825b97199d2aea4097e2f1acc19d7bae7eae7b', '2010-05-08 01:31:41');
INSERT INTO `users` (`id`, `firstname`, `lastname`, `mail`, `phone`, `gender`, `birthday`, `photo_id`, `hometown`, `password_hash`, `created_at`) VALUES ('1635', 'Ahmed', 'Anderson', 'preilly@example.com', '162443', 'f', '2020-11-30', NULL, 'Arihaven', '474849fa833507732aeec00e6634ff3abaf56ff4', '2009-03-04 03:10:45');
INSERT INTO `users` (`id`, `firstname`, `lastname`, `mail`, `phone`, `gender`, `birthday`, `photo_id`, `hometown`, `password_hash`, `created_at`) VALUES ('1637', 'Lexus', 'Hartmann', 'art.howell@example.org', '108394', 'm', '2003-02-01', NULL, 'Brandonborough', '9b02df00022d7e7392a59aa5c600c794ac277e94', '1979-08-14 19:46:21');
INSERT INTO `users` (`id`, `firstname`, `lastname`, `mail`, `phone`, `gender`, `birthday`, `photo_id`, `hometown`, `password_hash`, `created_at`) VALUES ('1640', 'Syble', 'Crona', 'dicki.antonietta@example.com', '12264', 'f', '2007-07-06', NULL, 'Marcelport', '4368134b9742efa97d8aff6b08ed1de818eb0799', '1979-06-12 16:47:42');
INSERT INTO `users` (`id`, `firstname`, `lastname`, `mail`, `phone`, `gender`, `birthday`, `photo_id`, `hometown`, `password_hash`, `created_at`) VALUES ('1641', 'Abdul', 'Stamm', 'benton.reichel@example.net', '593', 'm', '2006-11-09', NULL, 'West Joeystad', 'b7b84288c6d2c64e36cae5fe4bd363bd33256df8', '2021-05-07 11:41:44');
INSERT INTO `users` (`id`, `firstname`, `lastname`, `mail`, `phone`, `gender`, `birthday`, `photo_id`, `hometown`, `password_hash`, `created_at`) VALUES ('1645', 'Fabian', 'Orn', 'ostrosin@example.org', '349404', 'f', '2008-06-04', NULL, 'New Selenashire', 'bce973c082541e35ec9c1eb53d3c9d0ad13f2e8d', '1997-12-09 20:52:17');
INSERT INTO `users` (`id`, `firstname`, `lastname`, `mail`, `phone`, `gender`, `birthday`, `photo_id`, `hometown`, `password_hash`, `created_at`) VALUES ('1646', 'Lorena', 'Gusikowski', 'predovic.juliana@example.com', '553010', 'm', '1970-03-25', NULL, 'South Ethanton', 'b4a7acb3d8b659e67984a0902acf0ed732859f90', '2004-11-08 22:06:25');
INSERT INTO `users` (`id`, `firstname`, `lastname`, `mail`, `phone`, `gender`, `birthday`, `photo_id`, `hometown`, `password_hash`, `created_at`) VALUES ('1647', 'Kevon', 'Halvorson', 'carroll.lauren@example.com', '5677036126', 'f', '1994-01-19', NULL, 'Jaronchester', 'b94330e41a0ee0845c62561609fa23aa66868dc3', '1997-11-09 13:20:28');
INSERT INTO `users` (`id`, `firstname`, `lastname`, `mail`, `phone`, `gender`, `birthday`, `photo_id`, `hometown`, `password_hash`, `created_at`) VALUES ('1650', 'Alanis', 'Kihn', 'christy86@example.com', '309', 'm', '1979-12-09', NULL, 'Paucekchester', '27db83782a2195f5555a1478e871ae4580b410fd', '2015-10-14 11:10:05');
INSERT INTO `users` (`id`, `firstname`, `lastname`, `mail`, `phone`, `gender`, `birthday`, `photo_id`, `hometown`, `password_hash`, `created_at`) VALUES ('1652', 'Raquel', 'Hartmann', 'wallace93@example.com', '6748685882', 'f', '1993-11-21', NULL, 'South Marcberg', '30887be137a9ab92347a0b51f937be578ad99802', '2009-10-09 15:50:41');
INSERT INTO `users` (`id`, `firstname`, `lastname`, `mail`, `phone`, `gender`, `birthday`, `photo_id`, `hometown`, `password_hash`, `created_at`) VALUES ('1653', 'Jasper', 'DuBuque', 'koss.ari@example.com', '71', 'm', '1993-04-28', NULL, 'South Andersonland', '4c68e7806795fb369df99c19d4a1ba5dc341dda2', '1996-08-05 03:53:04');
INSERT INTO `users` (`id`, `firstname`, `lastname`, `mail`, `phone`, `gender`, `birthday`, `photo_id`, `hometown`, `password_hash`, `created_at`) VALUES ('1655', 'Doyle', 'Carroll', 'kenyatta23@example.net', '905314', 'f', '2006-09-15', NULL, 'Ernserside', '1b469f4f70f1d38d73b7d69fd7e795690b80130c', '2007-03-02 10:01:17');
INSERT INTO `users` (`id`, `firstname`, `lastname`, `mail`, `phone`, `gender`, `birthday`, `photo_id`, `hometown`, `password_hash`, `created_at`) VALUES ('1656', 'Anna', 'Haag', 'jakubowski.aubrey@example.org', '697422', 'm', '2000-07-27', NULL, 'West Faustino', '07b601770488e4a3d97284e20e30879ba31baf78', '1979-11-01 05:22:29');
INSERT INTO `users` (`id`, `firstname`, `lastname`, `mail`, `phone`, `gender`, `birthday`, `photo_id`, `hometown`, `password_hash`, `created_at`) VALUES ('1659', 'Verda', 'Mraz', 'gkirlin@example.com', '570848', 'f', '1974-07-22', NULL, 'Port Willow', '05904d3ae5141f570d57c3ade315db8a237ece9b', '2006-02-16 06:12:32');
INSERT INTO `users` (`id`, `firstname`, `lastname`, `mail`, `phone`, `gender`, `birthday`, `photo_id`, `hometown`, `password_hash`, `created_at`) VALUES ('1664', 'Vallie', 'DuBuque', 'toy.chanel@example.net', '6372090752', 'f', '2003-01-29', NULL, 'Pacochaton', '00ef48a4a6ee989ffa7c0510dbf01cd9f048de97', '2003-05-13 10:52:42');
INSERT INTO `users` (`id`, `firstname`, `lastname`, `mail`, `phone`, `gender`, `birthday`, `photo_id`, `hometown`, `password_hash`, `created_at`) VALUES ('1666', 'Karina', 'Prohaska', 'katherine83@example.net', '193', 'm', '1981-07-01', NULL, 'Ewaldville', 'e79e8a031c0ef5c1201a31b6617ef91ae25032f2', '2007-07-16 20:43:24');
INSERT INTO `users` (`id`, `firstname`, `lastname`, `mail`, `phone`, `gender`, `birthday`, `photo_id`, `hometown`, `password_hash`, `created_at`) VALUES ('1667', 'Lenny', 'Schmidt', 'roman.hettinger@example.org', '859', 'm', '1978-08-25', NULL, 'New Beatrice', 'a5cfa11efbd73780dceb1c1479fa473932059b0c', '1981-07-02 06:34:56');
INSERT INTO `users` (`id`, `firstname`, `lastname`, `mail`, `phone`, `gender`, `birthday`, `photo_id`, `hometown`, `password_hash`, `created_at`) VALUES ('1671', 'Michelle', 'Stroman', 'blanda.cristian@example.net', '769', 'm', '1990-04-30', NULL, 'Elodyhaven', 'b90c18696380fa7186ab8c2603eabff1f474c66e', '2015-05-15 01:28:35');
INSERT INTO `users` (`id`, `firstname`, `lastname`, `mail`, `phone`, `gender`, `birthday`, `photo_id`, `hometown`, `password_hash`, `created_at`) VALUES ('1672', 'Clotilde', 'Cummerata', 'cordell.jenkins@example.com', '362', 'm', '1979-03-14', NULL, 'Lake Alysha', '3dacc2642d1abe0e51c9bcef6b41e1e974212b29', '1992-02-16 08:19:32');
INSERT INTO `users` (`id`, `firstname`, `lastname`, `mail`, `phone`, `gender`, `birthday`, `photo_id`, `hometown`, `password_hash`, `created_at`) VALUES ('1673', 'Jeffry', 'Lubowitz', 'alana.schmeler@example.com', '687', 'f', '1970-09-20', NULL, 'Gutmanntown', 'b0b7d51d4663186f16f8d1245146d19c9177f2a1', '2012-03-15 17:37:26');
INSERT INTO `users` (`id`, `firstname`, `lastname`, `mail`, `phone`, `gender`, `birthday`, `photo_id`, `hometown`, `password_hash`, `created_at`) VALUES ('1675', 'Greta', 'Schiller', 'ashtyn.ryan@example.com', '417907', 'f', '1973-04-08', NULL, 'Lake Johnpaul', '3e6bf5a5edf25b2b47fb73c222b41a7d81a5758e', '1979-03-24 04:23:24');
INSERT INTO `users` (`id`, `firstname`, `lastname`, `mail`, `phone`, `gender`, `birthday`, `photo_id`, `hometown`, `password_hash`, `created_at`) VALUES ('1676', 'Jazmyne', 'Douglas', 'zhalvorson@example.net', '775', 'm', '1976-07-28', NULL, 'Kenyachester', '0d69c9239d380cef527d0e012a6900f1164d010e', '1997-02-17 06:27:41');
INSERT INTO `users` (`id`, `firstname`, `lastname`, `mail`, `phone`, `gender`, `birthday`, `photo_id`, `hometown`, `password_hash`, `created_at`) VALUES ('1678', 'Brayan', 'Emmerich', 'udickinson@example.net', '407', 'm', '1995-09-11', NULL, 'Lake Wellingtonmouth', 'e59ced7cb2f50878ed3dc288fbbef790eb1d8e2d', '1977-12-31 11:08:06');
INSERT INTO `users` (`id`, `firstname`, `lastname`, `mail`, `phone`, `gender`, `birthday`, `photo_id`, `hometown`, `password_hash`, `created_at`) VALUES ('1679', 'Elena', 'Funk', 'veda85@example.net', '766712', 'm', '2014-03-08', NULL, 'South Maybellfort', '47e4feaf17c6d0fdf1e9dd68ea9703c2797eb472', '1971-07-18 02:31:48');
INSERT INTO `users` (`id`, `firstname`, `lastname`, `mail`, `phone`, `gender`, `birthday`, `photo_id`, `hometown`, `password_hash`, `created_at`) VALUES ('1680', 'Darron', 'Hilll', 'dmohr@example.org', '907984', 'm', '2017-09-13', NULL, 'South Eraland', '4628f151bc2aa0226d71431a384693334e9f887d', '1983-09-09 12:59:34');
INSERT INTO `users` (`id`, `firstname`, `lastname`, `mail`, `phone`, `gender`, `birthday`, `photo_id`, `hometown`, `password_hash`, `created_at`) VALUES ('1690', 'Edythe', 'Crooks', 'shanie.connelly@example.net', '333131', 'f', '1991-09-01', NULL, 'East Glennamouth', '43af1b3f5d5f938363f0d5057af51095c54b3ff8', '1972-05-03 10:49:48');
INSERT INTO `users` (`id`, `firstname`, `lastname`, `mail`, `phone`, `gender`, `birthday`, `photo_id`, `hometown`, `password_hash`, `created_at`) VALUES ('1692', 'Francisco', 'Oberbrunner', 'jfranecki@example.org', '220549', 'm', '1994-04-17', NULL, 'Port Esmeraldaville', '730ddd2b2970048d7df1ba7d2b991c02ba7ef47e', '1976-07-03 05:31:33');
INSERT INTO `users` (`id`, `firstname`, `lastname`, `mail`, `phone`, `gender`, `birthday`, `photo_id`, `hometown`, `password_hash`, `created_at`) VALUES ('1693', 'Gail', 'Dicki', 'gtrantow@example.net', '354884', 'm', '1973-05-08', NULL, 'Kozeymouth', 'e8c551486408e5ab488cbd1f819319483108f172', '2014-08-26 21:42:02');
INSERT INTO `users` (`id`, `firstname`, `lastname`, `mail`, `phone`, `gender`, `birthday`, `photo_id`, `hometown`, `password_hash`, `created_at`) VALUES ('1695', 'Gerhard', 'Schmeler', 'bwuckert@example.com', '948', 'm', '2004-07-23', NULL, 'Hodkiewiczfort', 'feab78a0bfe4a5d0960dff328f419b64c0ed3281', '1991-08-03 05:35:59');
INSERT INTO `users` (`id`, `firstname`, `lastname`, `mail`, `phone`, `gender`, `birthday`, `photo_id`, `hometown`, `password_hash`, `created_at`) VALUES ('1697', 'Wava', 'Osinski', 'ccruickshank@example.com', '936258', 'm', '1972-09-25', NULL, 'Dickibury', '0bf6438b3b6c659a2535c0f8f1c3009b39d6953e', '2018-05-01 19:39:04');
INSERT INTO `users` (`id`, `firstname`, `lastname`, `mail`, `phone`, `gender`, `birthday`, `photo_id`, `hometown`, `password_hash`, `created_at`) VALUES ('1707', 'Susan', 'McKenzie', 'gritchie@example.com', '533', 'f', '1983-08-11', NULL, 'Emmerichborough', '58efea60a9aacfc3cc7af02c607fd05df53a8cac', '1993-07-26 05:52:50');
INSERT INTO `users` (`id`, `firstname`, `lastname`, `mail`, `phone`, `gender`, `birthday`, `photo_id`, `hometown`, `password_hash`, `created_at`) VALUES ('1708', 'Kiana', 'O\'Reilly', 'kmohr@example.org', '897', 'f', '1974-07-03', NULL, 'South Hailee', 'e4a465aa4ae5986fff6d392870a724ed4faaefce', '2012-06-11 11:32:55');
INSERT INTO `users` (`id`, `firstname`, `lastname`, `mail`, `phone`, `gender`, `birthday`, `photo_id`, `hometown`, `password_hash`, `created_at`) VALUES ('1709', 'Regan', 'Hagenes', 'emery.schamberger@example.org', '849', 'm', '1988-03-17', NULL, 'Lolachester', 'cde42b1371e2a2d97cbdd5d363c5c5d3d272b961', '2017-07-24 23:21:40');
INSERT INTO `users` (`id`, `firstname`, `lastname`, `mail`, `phone`, `gender`, `birthday`, `photo_id`, `hometown`, `password_hash`, `created_at`) VALUES ('1711', 'Gladys', 'Walsh', 'odavis@example.net', '844587', 'f', '2009-04-02', NULL, 'Wunschburgh', '2ff55883cf5832b18d563b44fe26546cd04ad73f', '1973-02-09 13:04:06');
INSERT INTO `users` (`id`, `firstname`, `lastname`, `mail`, `phone`, `gender`, `birthday`, `photo_id`, `hometown`, `password_hash`, `created_at`) VALUES ('1714', 'Tierra', 'Corwin', 'russel.hazle@example.com', '274673', 'm', '1999-12-19', NULL, 'East Jada', 'b0ef30e75c22be40510f29f2d696545d4b6611fb', '1978-12-04 04:12:30');
INSERT INTO `users` (`id`, `firstname`, `lastname`, `mail`, `phone`, `gender`, `birthday`, `photo_id`, `hometown`, `password_hash`, `created_at`) VALUES ('1715', 'Aletha', 'Feest', 'caesar83@example.com', '706280', 'm', '1994-04-11', NULL, 'Alizaport', '9fc3a440005de2c5a92d21bac021e17d2d0965d8', '2018-06-12 15:07:47');
INSERT INTO `users` (`id`, `firstname`, `lastname`, `mail`, `phone`, `gender`, `birthday`, `photo_id`, `hometown`, `password_hash`, `created_at`) VALUES ('1718', 'Napoleon', 'Toy', 'jtorphy@example.org', '321176', 'f', '2017-04-16', NULL, 'West Cade', 'd653ec6f9864fd6354d7a1cc2e081d4269216116', '2016-09-21 16:57:55');
INSERT INTO `users` (`id`, `firstname`, `lastname`, `mail`, `phone`, `gender`, `birthday`, `photo_id`, `hometown`, `password_hash`, `created_at`) VALUES ('1719', 'Jakayla', 'Gislason', 'halle52@example.com', '720130', 'm', '2019-12-01', NULL, 'West Syble', '8c2564ba8004d57504aac62f32e42a4847e9fcbb', '2020-05-07 12:55:14');
INSERT INTO `users` (`id`, `firstname`, `lastname`, `mail`, `phone`, `gender`, `birthday`, `photo_id`, `hometown`, `password_hash`, `created_at`) VALUES ('1721', 'Cheyenne', 'Koss', 'd\'amore.lempi@example.com', '923', 'm', '2006-12-16', NULL, 'Morarton', '84a8ec45ce7b0f26b60b204b2f55b7350ca967df', '1989-04-13 22:20:12');
INSERT INTO `users` (`id`, `firstname`, `lastname`, `mail`, `phone`, `gender`, `birthday`, `photo_id`, `hometown`, `password_hash`, `created_at`) VALUES ('1724', 'Wyatt', 'Cassin', 'jerrell62@example.net', '121', 'f', '2019-10-25', NULL, 'East Suzanne', '5dddfcba8a97d984c8c65a54448196fd6a768f29', '1970-01-09 11:43:21');
INSERT INTO `users` (`id`, `firstname`, `lastname`, `mail`, `phone`, `gender`, `birthday`, `photo_id`, `hometown`, `password_hash`, `created_at`) VALUES ('1727', 'Russell', 'Murphy', 'ena.zboncak@example.com', '100', 'f', '2002-04-10', NULL, 'Klockoton', 'b9be980ada296c8672291d1afcd0835808bb8c5a', '1991-03-26 20:20:07');
INSERT INTO `users` (`id`, `firstname`, `lastname`, `mail`, `phone`, `gender`, `birthday`, `photo_id`, `hometown`, `password_hash`, `created_at`) VALUES ('1728', 'Lucious', 'Koss', 'nakia.kiehn@example.org', '2327016600', 'f', '1996-10-20', NULL, 'Wymanfort', 'c0437f690323eae4501815fdc915dedbfe984c97', '1984-08-13 02:44:34');
INSERT INTO `users` (`id`, `firstname`, `lastname`, `mail`, `phone`, `gender`, `birthday`, `photo_id`, `hometown`, `password_hash`, `created_at`) VALUES ('1729', 'Adela', 'Nienow', 'alexane45@example.com', '366', 'f', '1998-02-14', NULL, 'New Antoneville', '361e4c2f12369b4c7c87afbece3962a3a6f1380b', '1970-04-21 03:31:15');
INSERT INTO `users` (`id`, `firstname`, `lastname`, `mail`, `phone`, `gender`, `birthday`, `photo_id`, `hometown`, `password_hash`, `created_at`) VALUES ('1736', 'Vidal', 'Stamm', 'cconroy@example.com', '1209821585', 'f', '1992-05-12', NULL, 'West Juliannemouth', 'f5701a5d87999949e43bc9c79148be28cde7d49a', '2012-03-26 01:27:10');
INSERT INTO `users` (`id`, `firstname`, `lastname`, `mail`, `phone`, `gender`, `birthday`, `photo_id`, `hometown`, `password_hash`, `created_at`) VALUES ('1739', 'Jaquelin', 'O\'Keefe', 'zschoen@example.org', '220329', 'm', '1980-02-23', NULL, 'Braunborough', 'f7e5177fb89589cf0ee029a8e17476f2cbe009f1', '1982-08-17 00:49:07');
INSERT INTO `users` (`id`, `firstname`, `lastname`, `mail`, `phone`, `gender`, `birthday`, `photo_id`, `hometown`, `password_hash`, `created_at`) VALUES ('1742', 'Sandy', 'Rodriguez', 'franecki.cordell@example.net', '599828', 'f', '2018-07-05', NULL, 'South Alycia', 'aa48989eb880bdf95b608e2bc54fd943a383b088', '1972-10-31 22:35:15');
INSERT INTO `users` (`id`, `firstname`, `lastname`, `mail`, `phone`, `gender`, `birthday`, `photo_id`, `hometown`, `password_hash`, `created_at`) VALUES ('1744', 'Emilie', 'Ebert', 'winfield29@example.net', '189640', 'm', '1971-03-04', NULL, 'Durganberg', '2b453e3ff05cc207c4b77eb9ee61311be010395b', '2003-05-17 19:33:30');
INSERT INTO `users` (`id`, `firstname`, `lastname`, `mail`, `phone`, `gender`, `birthday`, `photo_id`, `hometown`, `password_hash`, `created_at`) VALUES ('1752', 'Aniya', 'Bode', 'ronaldo19@example.net', '7', 'f', '1979-12-25', NULL, 'Port Kira', 'acd5cfc81940dc17b71c06cfc2c23d2f889cda73', '2002-03-16 05:24:34');
INSERT INTO `users` (`id`, `firstname`, `lastname`, `mail`, `phone`, `gender`, `birthday`, `photo_id`, `hometown`, `password_hash`, `created_at`) VALUES ('1754', 'Arlo', 'Wiegand', 'vkeebler@example.com', '980475', 'm', '2003-11-13', NULL, 'Mackenziechester', '721703f06ab02378f130c098834f9affca43bcf5', '2007-01-28 12:34:02');
INSERT INTO `users` (`id`, `firstname`, `lastname`, `mail`, `phone`, `gender`, `birthday`, `photo_id`, `hometown`, `password_hash`, `created_at`) VALUES ('1758', 'Melody', 'Medhurst', 'wcummings@example.org', '280', 'm', '1987-02-21', NULL, 'Mariambury', '488076f15c136d414aedc6feeed458f1fb89e9a6', '1991-05-12 14:43:27');
INSERT INTO `users` (`id`, `firstname`, `lastname`, `mail`, `phone`, `gender`, `birthday`, `photo_id`, `hometown`, `password_hash`, `created_at`) VALUES ('1763', 'Theo', 'McDermott', 'toby00@example.org', '140493', 'f', '2004-11-01', NULL, 'Port Jaydaton', '66b6b9ab5de17a5041534b4120d6574f94cdf314', '1982-04-20 12:48:43');
INSERT INTO `users` (`id`, `firstname`, `lastname`, `mail`, `phone`, `gender`, `birthday`, `photo_id`, `hometown`, `password_hash`, `created_at`) VALUES ('1764', 'Brennan', 'Koepp', 'cyril.heathcote@example.net', '38177', 'f', '2001-10-12', NULL, 'East Chauncey', '5bb4646ca8d8a29e799b2dc39dc9d0115c7e6600', '1994-04-11 02:04:24');
INSERT INTO `users` (`id`, `firstname`, `lastname`, `mail`, `phone`, `gender`, `birthday`, `photo_id`, `hometown`, `password_hash`, `created_at`) VALUES ('1765', 'Tommie', 'Lindgren', 'rolfson.winnifred@example.com', '29402', 'm', '1983-07-04', NULL, 'Desmondmouth', '3a6015fd5f10534ebff0bd99725369336ed7e3e0', '1971-07-26 14:18:44');
INSERT INTO `users` (`id`, `firstname`, `lastname`, `mail`, `phone`, `gender`, `birthday`, `photo_id`, `hometown`, `password_hash`, `created_at`) VALUES ('1766', 'Etha', 'Franecki', 'rau.addie@example.org', '649092', 'm', '2000-06-22', NULL, 'Patienceberg', 'd7888de03fbdc3dba10fde569a2e2418771e2c2c', '1989-10-02 07:21:01');
INSERT INTO `users` (`id`, `firstname`, `lastname`, `mail`, `phone`, `gender`, `birthday`, `photo_id`, `hometown`, `password_hash`, `created_at`) VALUES ('1767', 'Maurice', 'Bogan', 'mayert.mitchel@example.net', '736745', 'm', '2016-10-30', NULL, 'South Wilfredo', '2308b2b1c5765ee40a6770a3d727a9d8f96d62bb', '2011-11-23 13:27:30');
INSERT INTO `users` (`id`, `firstname`, `lastname`, `mail`, `phone`, `gender`, `birthday`, `photo_id`, `hometown`, `password_hash`, `created_at`) VALUES ('1770', 'Brady', 'Osinski', 'sanford69@example.com', '467', 'm', '2000-10-27', NULL, 'Port Gonzalomouth', 'a7081036a0aa02559a0c19bd5ba6c5de0c9b49f7', '2009-10-04 01:29:24');
INSERT INTO `users` (`id`, `firstname`, `lastname`, `mail`, `phone`, `gender`, `birthday`, `photo_id`, `hometown`, `password_hash`, `created_at`) VALUES ('1771', 'Janis', 'Kreiger', 'ignacio63@example.net', '457401', 'f', '1970-12-29', NULL, 'Port Shainabury', '251eb2937121343dc517241e5fb1411a99e76947', '1987-03-10 14:05:25');
INSERT INTO `users` (`id`, `firstname`, `lastname`, `mail`, `phone`, `gender`, `birthday`, `photo_id`, `hometown`, `password_hash`, `created_at`) VALUES ('1773', 'Salvatore', 'Harber', 'bnader@example.net', '316', 'f', '2002-06-24', NULL, 'Huelbury', 'a054039fb581ae99d9a4cb8b7fc361e7df4dd68c', '1973-06-09 00:02:15');
INSERT INTO `users` (`id`, `firstname`, `lastname`, `mail`, `phone`, `gender`, `birthday`, `photo_id`, `hometown`, `password_hash`, `created_at`) VALUES ('1774', 'Idell', 'Kuhn', 'ystracke@example.com', '386', 'f', '2015-09-09', NULL, 'North Norbertoside', '0160a0378c5786af5b85692b44b929f4e5fadfe2', '2002-04-02 23:01:44');
INSERT INTO `users` (`id`, `firstname`, `lastname`, `mail`, `phone`, `gender`, `birthday`, `photo_id`, `hometown`, `password_hash`, `created_at`) VALUES ('1779', 'Augusta', 'Johns', 'braun.alfreda@example.com', '180', 'f', '1972-09-23', NULL, 'South Royce', 'b6db36ce323eb131ccde5aed7bc234d8fa2578c9', '1972-10-02 01:01:33');
INSERT INTO `users` (`id`, `firstname`, `lastname`, `mail`, `phone`, `gender`, `birthday`, `photo_id`, `hometown`, `password_hash`, `created_at`) VALUES ('1780', 'Jeremie', 'Herzog', 'yesenia.rippin@example.org', '109071440', 'm', '1974-03-24', NULL, 'Lake Kiel', '46432ecc928dc982ec209b1a08c2207e9ce4342c', '2005-12-09 05:58:03');
INSERT INTO `users` (`id`, `firstname`, `lastname`, `mail`, `phone`, `gender`, `birthday`, `photo_id`, `hometown`, `password_hash`, `created_at`) VALUES ('1783', 'Myles', 'Kuhlman', 'jesus.bins@example.net', '346', 'f', '2019-04-24', NULL, 'New Leola', '5fc360c75673298e3f58e176f77661139b054588', '1985-03-23 00:07:30');
INSERT INTO `users` (`id`, `firstname`, `lastname`, `mail`, `phone`, `gender`, `birthday`, `photo_id`, `hometown`, `password_hash`, `created_at`) VALUES ('1784', 'Rick', 'Hane', 'waldo.wisoky@example.com', '9156210546', 'f', '1976-06-30', NULL, 'South D\'angelo', '825eccf8c4772b7dae4f1c376cb527f951f4d9aa', '1972-11-03 07:37:44');
INSERT INTO `users` (`id`, `firstname`, `lastname`, `mail`, `phone`, `gender`, `birthday`, `photo_id`, `hometown`, `password_hash`, `created_at`) VALUES ('1785', 'Leanne', 'Fritsch', 'reichel.aaron@example.com', '778044', 'm', '2005-06-30', NULL, 'Rebekahmouth', 'f6bbdc963145cd510e99967126a3f7a7235710c9', '1972-09-24 06:30:23');
INSERT INTO `users` (`id`, `firstname`, `lastname`, `mail`, `phone`, `gender`, `birthday`, `photo_id`, `hometown`, `password_hash`, `created_at`) VALUES ('1787', 'Florian', 'Schneider', 'quitzon.flavie@example.net', '211592', 'f', '1997-04-08', NULL, 'Delphinehaven', '3ebbb58467b9a77f38ae4b4999b9ac070efc6b5a', '1973-05-30 14:36:24');
INSERT INTO `users` (`id`, `firstname`, `lastname`, `mail`, `phone`, `gender`, `birthday`, `photo_id`, `hometown`, `password_hash`, `created_at`) VALUES ('1788', 'Meagan', 'Davis', 'nasir95@example.com', '34027', 'm', '1990-12-16', NULL, 'Watersside', '1b732953bfaf257a061fe3b303fb21989d49d0a4', '2017-07-08 02:17:58');
INSERT INTO `users` (`id`, `firstname`, `lastname`, `mail`, `phone`, `gender`, `birthday`, `photo_id`, `hometown`, `password_hash`, `created_at`) VALUES ('1790', 'Ryan', 'West', 'sheldon91@example.net', '461911', 'f', '1999-09-16', NULL, 'Parisianbury', '8457dc7bc78a172a4b67d82fa8861e8880fc4ab6', '2020-11-25 05:16:24');
INSERT INTO `users` (`id`, `firstname`, `lastname`, `mail`, `phone`, `gender`, `birthday`, `photo_id`, `hometown`, `password_hash`, `created_at`) VALUES ('1794', 'Lessie', 'Jones', 'jbartoletti@example.net', '822', 'f', '1978-10-31', NULL, 'Uptonview', '6a287fe30db64e0a4c0614c75f12610389de4940', '2011-11-01 01:31:23');
INSERT INTO `users` (`id`, `firstname`, `lastname`, `mail`, `phone`, `gender`, `birthday`, `photo_id`, `hometown`, `password_hash`, `created_at`) VALUES ('1795', 'Dashawn', 'Goldner', 'o\'connell.lacey@example.org', '883', 'f', '2003-05-11', NULL, 'Hodkiewiczland', 'df5f596c1f9c886ac547b91e1c9be20d03719854', '2013-06-12 17:09:47');
INSERT INTO `users` (`id`, `firstname`, `lastname`, `mail`, `phone`, `gender`, `birthday`, `photo_id`, `hometown`, `password_hash`, `created_at`) VALUES ('1797', 'Natalia', 'Stracke', 'harris.federico@example.org', '6317790214', 'f', '1979-05-02', NULL, 'Blockview', '65ca97f6edde8ac9d7a15849ccc89d072d50e241', '1988-08-03 17:02:53');
INSERT INTO `users` (`id`, `firstname`, `lastname`, `mail`, `phone`, `gender`, `birthday`, `photo_id`, `hometown`, `password_hash`, `created_at`) VALUES ('1801', 'Marilyne', 'Hettinger', 'murphy.quincy@example.org', '166', 'm', '1975-01-29', NULL, 'South Ravenport', '7dfcb33ccb13e077526ec40e7a7ce1e29c9e4cae', '1998-02-05 21:59:28');
INSERT INTO `users` (`id`, `firstname`, `lastname`, `mail`, `phone`, `gender`, `birthday`, `photo_id`, `hometown`, `password_hash`, `created_at`) VALUES ('1802', 'Sydni', 'Becker', 'rodrigo78@example.org', '83891', 'f', '2018-09-03', NULL, 'Ziemannfurt', '5f534de8d0ef0e1cfcfb5f08442a457b519040ec', '2016-11-13 21:57:36');
INSERT INTO `users` (`id`, `firstname`, `lastname`, `mail`, `phone`, `gender`, `birthday`, `photo_id`, `hometown`, `password_hash`, `created_at`) VALUES ('1803', 'Norwood', 'Hansen', 'cristobal46@example.org', '761', 'm', '1999-08-27', NULL, 'Wittingberg', 'de3a31450a57a5bb5e48c8cbd1a031ee27fcacc1', '2010-05-21 01:46:34');
INSERT INTO `users` (`id`, `firstname`, `lastname`, `mail`, `phone`, `gender`, `birthday`, `photo_id`, `hometown`, `password_hash`, `created_at`) VALUES ('1804', 'Samir', 'DuBuque', 'kkuphal@example.net', '74', 'm', '1983-08-27', NULL, 'Lake Odabury', '1cb7243b54e35335850a75a2acce0e25c8264bc3', '1972-12-04 08:37:24');
INSERT INTO `users` (`id`, `firstname`, `lastname`, `mail`, `phone`, `gender`, `birthday`, `photo_id`, `hometown`, `password_hash`, `created_at`) VALUES ('1806', 'Felton', 'Jones', 'aritchie@example.org', '669', 'm', '1985-07-03', NULL, 'South Norene', 'c18d1a5e1f6394fdc24b54b858a455e3885ffdc8', '1973-12-24 05:22:27');
INSERT INTO `users` (`id`, `firstname`, `lastname`, `mail`, `phone`, `gender`, `birthday`, `photo_id`, `hometown`, `password_hash`, `created_at`) VALUES ('1812', 'Theo', 'Mayer', 'gschaden@example.net', '975', 'm', '1971-06-04', NULL, 'Lake Reta', '14554495e70fe68dd427fd6da44f79efa594ddb1', '1994-04-19 03:57:39');
INSERT INTO `users` (`id`, `firstname`, `lastname`, `mail`, `phone`, `gender`, `birthday`, `photo_id`, `hometown`, `password_hash`, `created_at`) VALUES ('1814', 'Cordia', 'Ankunding', 'barton.myrtle@example.com', '829865', 'f', '1987-08-25', NULL, 'Williamsonchester', '6d3b19dde42fbd8907ac21b62e4de7ce70f9d683', '1971-05-04 11:55:03');
INSERT INTO `users` (`id`, `firstname`, `lastname`, `mail`, `phone`, `gender`, `birthday`, `photo_id`, `hometown`, `password_hash`, `created_at`) VALUES ('1818', 'Tamara', 'Fadel', 'lwilliamson@example.net', '3733301360', 'f', '2017-02-25', NULL, 'Port Breanne', '6fc5f173724f803506ca174254dd2553c2421d3a', '1992-11-15 15:06:03');
INSERT INTO `users` (`id`, `firstname`, `lastname`, `mail`, `phone`, `gender`, `birthday`, `photo_id`, `hometown`, `password_hash`, `created_at`) VALUES ('1819', 'Ebony', 'Ritchie', 'ferne.rice@example.com', '509', 'm', '2015-05-09', NULL, 'Port Ebba', '0d68be33a76fd8eebfddaedd11a5fdb6e34ed5a2', '2007-01-28 15:10:37');
INSERT INTO `users` (`id`, `firstname`, `lastname`, `mail`, `phone`, `gender`, `birthday`, `photo_id`, `hometown`, `password_hash`, `created_at`) VALUES ('1820', 'Lexus', 'Hessel', 'dkeebler@example.org', '474240', 'm', '1990-05-20', NULL, 'McGlynnview', '55646c0184d8fdf6af5fc8837a365c686cde5f98', '1976-07-04 04:33:34');
INSERT INTO `users` (`id`, `firstname`, `lastname`, `mail`, `phone`, `gender`, `birthday`, `photo_id`, `hometown`, `password_hash`, `created_at`) VALUES ('1821', 'Chaim', 'McCullough', 'shawn56@example.com', '377434', 'f', '2020-11-06', NULL, 'Boehmland', '72843c425acaa3a36d73f03b2f94a8297509fd0f', '1977-04-03 02:56:40');
INSERT INTO `users` (`id`, `firstname`, `lastname`, `mail`, `phone`, `gender`, `birthday`, `photo_id`, `hometown`, `password_hash`, `created_at`) VALUES ('1822', 'Anissa', 'Bergnaum', 'juana18@example.com', '4', 'f', '1976-11-07', NULL, 'North Alfonzo', '3b74a8fe621ae261a63a383a36e02f9ecc48e924', '1970-03-20 03:35:02');
INSERT INTO `users` (`id`, `firstname`, `lastname`, `mail`, `phone`, `gender`, `birthday`, `photo_id`, `hometown`, `password_hash`, `created_at`) VALUES ('1823', 'Lilliana', 'Simonis', 'anjali90@example.org', '879', 'm', '1976-07-24', NULL, 'Port Rossie', '6f95a33b208d8dd0d0df6ad1e53d3aa1fdc33ff6', '1980-05-26 20:04:57');
INSERT INTO `users` (`id`, `firstname`, `lastname`, `mail`, `phone`, `gender`, `birthday`, `photo_id`, `hometown`, `password_hash`, `created_at`) VALUES ('1826', 'Letitia', 'Ritchie', 'beverly97@example.org', '591', 'm', '2019-02-14', NULL, 'East Consuelofort', '27556782fbc468c2bc12e3021e56ebad2041374c', '2001-02-14 21:55:16');
INSERT INTO `users` (`id`, `firstname`, `lastname`, `mail`, `phone`, `gender`, `birthday`, `photo_id`, `hometown`, `password_hash`, `created_at`) VALUES ('1829', 'Piper', 'Williamson', 'tristin22@example.com', '840', 'm', '1994-09-15', NULL, 'Mitchellborough', '6f80eceb28a42c9452fff01aaea642c0f1d164a1', '1997-05-23 21:27:00');
INSERT INTO `users` (`id`, `firstname`, `lastname`, `mail`, `phone`, `gender`, `birthday`, `photo_id`, `hometown`, `password_hash`, `created_at`) VALUES ('1830', 'Mylene', 'Von', 'ara.greenholt@example.org', '93', 'm', '2009-11-17', NULL, 'New Angelitastad', '47d6b7868e2bd3150c5ffa8ade834f042d57459f', '1998-10-18 04:04:44');
INSERT INTO `users` (`id`, `firstname`, `lastname`, `mail`, `phone`, `gender`, `birthday`, `photo_id`, `hometown`, `password_hash`, `created_at`) VALUES ('1831', 'Cassandre', 'Murazik', 'ryley.torp@example.org', '424', 'f', '2009-08-14', NULL, 'Littelchester', '6db0dba1c68b6ca4f3d54308003aa197c0141f6d', '2000-05-31 17:18:53');
INSERT INTO `users` (`id`, `firstname`, `lastname`, `mail`, `phone`, `gender`, `birthday`, `photo_id`, `hometown`, `password_hash`, `created_at`) VALUES ('1832', 'Xavier', 'Sauer', 'floyd.nader@example.com', '96', 'm', '1974-04-23', NULL, 'West Rachellemouth', '60eb68c3d3bc70c0d891092bb34670fa0597edfa', '2021-04-21 02:11:54');
INSERT INTO `users` (`id`, `firstname`, `lastname`, `mail`, `phone`, `gender`, `birthday`, `photo_id`, `hometown`, `password_hash`, `created_at`) VALUES ('1833', 'Austyn', 'Oberbrunner', 'rippin.alba@example.net', '321', 'f', '2015-08-26', NULL, 'Dibbertstad', 'e3bc7b5b7ddcf0dfc553094dea7d56b05505b1a4', '2000-09-01 13:43:05');
INSERT INTO `users` (`id`, `firstname`, `lastname`, `mail`, `phone`, `gender`, `birthday`, `photo_id`, `hometown`, `password_hash`, `created_at`) VALUES ('1834', 'Caden', 'Rice', 'aaron97@example.net', '700370', 'm', '2007-10-30', NULL, 'East Willaside', '9edf9b536575be4137e059f6cb40bb01ff72942b', '1976-05-16 22:32:51');
INSERT INTO `users` (`id`, `firstname`, `lastname`, `mail`, `phone`, `gender`, `birthday`, `photo_id`, `hometown`, `password_hash`, `created_at`) VALUES ('1835', 'Jodie', 'King', 'jace77@example.com', '372566', 'm', '1972-08-02', NULL, 'Jailynfurt', '407e28cb85912604ee1769c0359feeb0cc0a5002', '2010-09-13 11:44:49');
INSERT INTO `users` (`id`, `firstname`, `lastname`, `mail`, `phone`, `gender`, `birthday`, `photo_id`, `hometown`, `password_hash`, `created_at`) VALUES ('1836', 'Maurice', 'Nikolaus', 'sophia33@example.net', '2035302405', 'm', '2002-01-08', NULL, 'South Lionel', 'bcbd72b1d8d0d3ea53588640a4f070a894b57e17', '2017-10-13 20:47:08');
INSERT INTO `users` (`id`, `firstname`, `lastname`, `mail`, `phone`, `gender`, `birthday`, `photo_id`, `hometown`, `password_hash`, `created_at`) VALUES ('1838', 'Dixie', 'Waters', 'lazaro24@example.net', '653', 'f', '2017-02-09', NULL, 'Tiffanyhaven', 'a1766ba63461647fa911da6f044c5b3df3ee2ac3', '1972-02-20 23:23:21');
INSERT INTO `users` (`id`, `firstname`, `lastname`, `mail`, `phone`, `gender`, `birthday`, `photo_id`, `hometown`, `password_hash`, `created_at`) VALUES ('1839', 'Meredith', 'Schinner', 'seth73@example.com', '44044', 'f', '1975-02-21', NULL, 'Kareemborough', '416d1b0b9260363784a5950a1dd23237cc548b69', '2003-07-05 20:15:56');
INSERT INTO `users` (`id`, `firstname`, `lastname`, `mail`, `phone`, `gender`, `birthday`, `photo_id`, `hometown`, `password_hash`, `created_at`) VALUES ('1841', 'Joyce', 'Conroy', 'milo90@example.net', '1586283547', 'm', '2020-05-12', NULL, 'Cartwrighthaven', '0cebc3030ebd661a1ba7dd4dc275887253bd663d', '2011-10-20 16:19:34');
INSERT INTO `users` (`id`, `firstname`, `lastname`, `mail`, `phone`, `gender`, `birthday`, `photo_id`, `hometown`, `password_hash`, `created_at`) VALUES ('1842', 'Elza', 'Bayer', 'watsica.elyse@example.net', '439208', 'f', '2013-05-04', NULL, 'Cassandraview', '2b60284a163359c9787b570dc933f8209bc93622', '2012-09-13 05:50:35');
INSERT INTO `users` (`id`, `firstname`, `lastname`, `mail`, `phone`, `gender`, `birthday`, `photo_id`, `hometown`, `password_hash`, `created_at`) VALUES ('1843', 'Lucius', 'Crona', 'waino.von@example.org', '919', 'm', '1990-07-20', NULL, 'Port Lucietown', 'dc1988eeb38b01ea68671adaa73712bd930cbc18', '2010-10-11 22:40:50');
INSERT INTO `users` (`id`, `firstname`, `lastname`, `mail`, `phone`, `gender`, `birthday`, `photo_id`, `hometown`, `password_hash`, `created_at`) VALUES ('1846', 'Hiram', 'Swaniawski', 'kendall59@example.org', '516423', 'm', '1999-12-28', NULL, 'Ortizmouth', '63c60eefe1b9699229ef5c8fc776bc79a538725b', '2011-08-14 18:40:56');
INSERT INTO `users` (`id`, `firstname`, `lastname`, `mail`, `phone`, `gender`, `birthday`, `photo_id`, `hometown`, `password_hash`, `created_at`) VALUES ('1847', 'Ricky', 'Block', 'quinton69@example.com', '908', 'm', '1988-09-01', NULL, 'West King', '46563d5bf7a775f5fbd6d9ad356f012fe364ad79', '2002-05-28 11:48:09');
INSERT INTO `users` (`id`, `firstname`, `lastname`, `mail`, `phone`, `gender`, `birthday`, `photo_id`, `hometown`, `password_hash`, `created_at`) VALUES ('1848', 'Kathleen', 'Emard', 'rippin.joshuah@example.net', '7174539466', 'f', '1985-11-28', NULL, 'Durgantown', 'feae1aef490de42995f4290ebbdbeded3dd2e579', '2015-06-19 05:41:55');
INSERT INTO `users` (`id`, `firstname`, `lastname`, `mail`, `phone`, `gender`, `birthday`, `photo_id`, `hometown`, `password_hash`, `created_at`) VALUES ('1850', 'Brooklyn', 'O\'Kon', 'rhauck@example.org', '860823', 'f', '1990-09-08', NULL, 'Wardburgh', '2a826fc604b3bcc34c87bdb670411fa14e608c2f', '2006-04-26 16:30:09');
INSERT INTO `users` (`id`, `firstname`, `lastname`, `mail`, `phone`, `gender`, `birthday`, `photo_id`, `hometown`, `password_hash`, `created_at`) VALUES ('1852', 'Brock', 'Ledner', 'ewell79@example.net', '40140', 'f', '2019-09-07', NULL, 'Port Bret', '0170c340ea218885a9ce1f23c46fc8ffb8f50793', '1988-02-08 20:08:45');
INSERT INTO `users` (`id`, `firstname`, `lastname`, `mail`, `phone`, `gender`, `birthday`, `photo_id`, `hometown`, `password_hash`, `created_at`) VALUES ('1855', 'Jettie', 'Turcotte', 'haleigh67@example.org', '553', 'f', '1984-09-29', NULL, 'Lake Janae', 'db23545b0a1a9846f3024b8f127452961c49f426', '1970-02-28 15:42:25');
INSERT INTO `users` (`id`, `firstname`, `lastname`, `mail`, `phone`, `gender`, `birthday`, `photo_id`, `hometown`, `password_hash`, `created_at`) VALUES ('1856', 'Kacie', 'Reichel', 'gladyce58@example.org', '778', 'm', '1979-05-01', NULL, 'East Herminaborough', 'ac13dc44bd05851ffad1eb5ab2a6c736d6a6371f', '2017-07-10 02:45:39');
INSERT INTO `users` (`id`, `firstname`, `lastname`, `mail`, `phone`, `gender`, `birthday`, `photo_id`, `hometown`, `password_hash`, `created_at`) VALUES ('1862', 'Trace', 'Kuhlman', 'candace89@example.com', '102193', 'f', '1987-05-11', NULL, 'North Kiara', 'f38ef8ce805761870cd5cc0a91753d9baa41db53', '2000-12-29 20:50:20');
INSERT INTO `users` (`id`, `firstname`, `lastname`, `mail`, `phone`, `gender`, `birthday`, `photo_id`, `hometown`, `password_hash`, `created_at`) VALUES ('1864', 'Tillman', 'Sawayn', 'cary42@example.net', '329', 'f', '1984-06-07', NULL, 'East Wilfredo', '0097f811d2a01b3378637d59f9fb4bac959e75d6', '1972-02-19 22:07:39');
INSERT INTO `users` (`id`, `firstname`, `lastname`, `mail`, `phone`, `gender`, `birthday`, `photo_id`, `hometown`, `password_hash`, `created_at`) VALUES ('1867', 'Kyleigh', 'Leffler', 'kris.madyson@example.com', '449', 'f', '1989-04-11', NULL, 'Caterinashire', '22f309eb6028b1e84d902d00d6b725ee711335ab', '1985-09-25 07:32:24');
INSERT INTO `users` (`id`, `firstname`, `lastname`, `mail`, `phone`, `gender`, `birthday`, `photo_id`, `hometown`, `password_hash`, `created_at`) VALUES ('1868', 'Charlotte', 'O\'Kon', 'rick.berge@example.com', '895571', 'f', '1981-09-10', NULL, 'Strosinfurt', 'b2f525a3fce859300044de786e8d9a357be93f0c', '1972-08-10 02:53:22');
INSERT INTO `users` (`id`, `firstname`, `lastname`, `mail`, `phone`, `gender`, `birthday`, `photo_id`, `hometown`, `password_hash`, `created_at`) VALUES ('1869', 'Pablo', 'Hartmann', 'ymckenzie@example.net', '7054469374', 'f', '1974-09-28', NULL, 'North Ryannfurt', '8143126ed7b31aeac64d56a702548cbd12ab35c9', '1977-08-18 22:47:15');
INSERT INTO `users` (`id`, `firstname`, `lastname`, `mail`, `phone`, `gender`, `birthday`, `photo_id`, `hometown`, `password_hash`, `created_at`) VALUES ('1870', 'Gilda', 'White', 'schimmel.terrance@example.net', '927', 'm', '2005-07-02', NULL, 'Vidaberg', '0051b7e0bcdf3baac71fd1574fe93cc898906d93', '2018-08-20 09:35:02');
INSERT INTO `users` (`id`, `firstname`, `lastname`, `mail`, `phone`, `gender`, `birthday`, `photo_id`, `hometown`, `password_hash`, `created_at`) VALUES ('1871', 'Dolores', 'Kautzer', 'hflatley@example.net', '77035', 'f', '2002-06-26', NULL, 'Herminashire', 'bf0fb2c8bdcc38c9f6b09e1920c0ab1df745f8a6', '1975-10-21 05:35:30');
INSERT INTO `users` (`id`, `firstname`, `lastname`, `mail`, `phone`, `gender`, `birthday`, `photo_id`, `hometown`, `password_hash`, `created_at`) VALUES ('1873', 'Glennie', 'Koepp', 'tess84@example.net', '979', 'f', '2004-04-05', NULL, 'Conroyburgh', 'e0fc1ee15ac3841194638f6fdc9887f2ad9fa3b5', '2002-11-30 13:10:32');
INSERT INTO `users` (`id`, `firstname`, `lastname`, `mail`, `phone`, `gender`, `birthday`, `photo_id`, `hometown`, `password_hash`, `created_at`) VALUES ('1876', 'Herman', 'Adams', 'chadrick.ondricka@example.org', '763', 'm', '1977-02-01', NULL, 'Wolffport', '1f9edef753991f1fee9deb9b9af035555322b646', '1980-03-28 12:31:04');
INSERT INTO `users` (`id`, `firstname`, `lastname`, `mail`, `phone`, `gender`, `birthday`, `photo_id`, `hometown`, `password_hash`, `created_at`) VALUES ('1877', 'Houston', 'Green', 'davis.natalia@example.com', '556', 'f', '1984-11-17', NULL, 'West Samara', '52ad0ffb9fc3c216c1b75a9e7f3e8c4146230951', '1981-12-01 20:49:50');
INSERT INTO `users` (`id`, `firstname`, `lastname`, `mail`, `phone`, `gender`, `birthday`, `photo_id`, `hometown`, `password_hash`, `created_at`) VALUES ('1879', 'Markus', 'Heller', 'emil20@example.org', '743644', 'f', '1970-12-20', NULL, 'New Yvettefort', '182ec6598145383da22bef0df3302bb15ff5e527', '2008-08-18 22:54:32');
INSERT INTO `users` (`id`, `firstname`, `lastname`, `mail`, `phone`, `gender`, `birthday`, `photo_id`, `hometown`, `password_hash`, `created_at`) VALUES ('1881', 'Haven', 'Cole', 'tyra45@example.com', '616994', 'f', '2011-05-27', NULL, 'South Eldaview', 'a57ae9be78f126cc64cd447cc5f5f2091d22b396', '2014-09-15 07:05:43');
INSERT INTO `users` (`id`, `firstname`, `lastname`, `mail`, `phone`, `gender`, `birthday`, `photo_id`, `hometown`, `password_hash`, `created_at`) VALUES ('1883', 'Yazmin', 'Wilderman', 'koepp.elenora@example.net', '365', 'f', '1982-08-17', NULL, 'Lucianostad', '5995c7eb7ad14ebbfb4df8c8842a949756d81d2e', '1981-10-14 19:24:51');
INSERT INTO `users` (`id`, `firstname`, `lastname`, `mail`, `phone`, `gender`, `birthday`, `photo_id`, `hometown`, `password_hash`, `created_at`) VALUES ('1884', 'Taryn', 'Rolfson', 'sylvia64@example.com', '802', 'f', '1987-05-07', NULL, 'Katrineberg', 'f5d8e43b0e59cfcd7247ed47fccafc54d9c94dad', '1970-02-11 22:36:45');
INSERT INTO `users` (`id`, `firstname`, `lastname`, `mail`, `phone`, `gender`, `birthday`, `photo_id`, `hometown`, `password_hash`, `created_at`) VALUES ('1886', 'Terrell', 'Schinner', 'o\'keefe.nolan@example.org', '464157', 'm', '1999-01-06', NULL, 'Zellaburgh', '11b503d9f2f072a535e3ea73ac78a5fca20fbaa2', '1973-03-12 10:31:51');
INSERT INTO `users` (`id`, `firstname`, `lastname`, `mail`, `phone`, `gender`, `birthday`, `photo_id`, `hometown`, `password_hash`, `created_at`) VALUES ('1889', 'Jeffry', 'Grant', 'smedhurst@example.com', '412', 'f', '1981-09-03', NULL, 'Lake Schuylerbury', 'c8ed356eaec62e1d578b9c0800be5cd8109dcb1d', '1981-11-01 04:06:31');
INSERT INTO `users` (`id`, `firstname`, `lastname`, `mail`, `phone`, `gender`, `birthday`, `photo_id`, `hometown`, `password_hash`, `created_at`) VALUES ('1890', 'Vincent', 'Walker', 'anya.wiza@example.org', '270233', 'f', '2006-09-10', NULL, 'Haagton', 'aa476e77c6760e8c43f1b469a7cabd57f850fde3', '1977-11-21 17:02:53');
INSERT INTO `users` (`id`, `firstname`, `lastname`, `mail`, `phone`, `gender`, `birthday`, `photo_id`, `hometown`, `password_hash`, `created_at`) VALUES ('1893', 'Morton', 'Lebsack', 'elsa.kuphal@example.com', '965889', 'f', '2011-01-03', NULL, 'East Laury', '3481bd6aeed3fb32e3279c129b7dcdb80c2da3b5', '2018-10-02 20:40:17');
INSERT INTO `users` (`id`, `firstname`, `lastname`, `mail`, `phone`, `gender`, `birthday`, `photo_id`, `hometown`, `password_hash`, `created_at`) VALUES ('1894', 'Hayley', 'Strosin', 'kbode@example.com', '98', 'f', '1996-08-30', NULL, 'Port Joesphberg', '1c532b7c0c3429301357b1e66af0c571f3f05d23', '1985-03-05 20:01:34');
INSERT INTO `users` (`id`, `firstname`, `lastname`, `mail`, `phone`, `gender`, `birthday`, `photo_id`, `hometown`, `password_hash`, `created_at`) VALUES ('1896', 'Jose', 'Leannon', 'larkin.sabrina@example.net', '383578', 'm', '2015-03-28', NULL, 'East Noeville', 'cdf5b115e1542a55be03ef2ae8f391f49ab8491b', '1973-12-06 21:27:39');
INSERT INTO `users` (`id`, `firstname`, `lastname`, `mail`, `phone`, `gender`, `birthday`, `photo_id`, `hometown`, `password_hash`, `created_at`) VALUES ('1899', 'Toby', 'Littel', 'wuckert.shaina@example.net', '230', 'm', '1987-04-11', NULL, 'North Branson', '1c4ba5e4da4b1fc8a7866d37bd740fe2414bd835', '1983-12-29 10:17:56');
INSERT INTO `users` (`id`, `firstname`, `lastname`, `mail`, `phone`, `gender`, `birthday`, `photo_id`, `hometown`, `password_hash`, `created_at`) VALUES ('1900', 'Elfrieda', 'Cruickshank', 'sreinger@example.net', '817203', 'm', '2008-08-29', NULL, 'Lake Romaine', '4f33d2ea153861141cfaacccf14c4468e5142db3', '1999-11-05 01:12:12');
INSERT INTO `users` (`id`, `firstname`, `lastname`, `mail`, `phone`, `gender`, `birthday`, `photo_id`, `hometown`, `password_hash`, `created_at`) VALUES ('1902', 'Theodora', 'Hegmann', 'wtremblay@example.com', '795', 'm', '1974-03-04', NULL, 'Hillsfurt', 'be4f0074b731c65a207f16ae03bed98fa068fa8a', '1998-10-22 16:20:38');
INSERT INTO `users` (`id`, `firstname`, `lastname`, `mail`, `phone`, `gender`, `birthday`, `photo_id`, `hometown`, `password_hash`, `created_at`) VALUES ('1903', 'Melba', 'Harris', 'jfahey@example.org', '485024', 'm', '1987-05-23', NULL, 'Schmelermouth', '51a5e3669ba16ef31d6f9bdca0bb627f90ee10a2', '1982-04-22 07:25:34');
INSERT INTO `users` (`id`, `firstname`, `lastname`, `mail`, `phone`, `gender`, `birthday`, `photo_id`, `hometown`, `password_hash`, `created_at`) VALUES ('1904', 'Urban', 'Torp', 'justyn.mclaughlin@example.org', '897080', 'm', '2008-04-17', NULL, 'West Gilbertburgh', '20651f5f8f11d05906ba562671aca7083707d68d', '1977-05-05 18:59:54');
INSERT INTO `users` (`id`, `firstname`, `lastname`, `mail`, `phone`, `gender`, `birthday`, `photo_id`, `hometown`, `password_hash`, `created_at`) VALUES ('1905', 'Flavio', 'Schuster', 'considine.katharina@example.com', '641054', 'm', '1987-02-10', NULL, 'Kesslershire', 'a93bcba19e7018b13ad23e14c4826f61952d5ffb', '2001-05-07 02:40:15');
INSERT INTO `users` (`id`, `firstname`, `lastname`, `mail`, `phone`, `gender`, `birthday`, `photo_id`, `hometown`, `password_hash`, `created_at`) VALUES ('1906', 'Velma', 'Ebert', 'psauer@example.org', '206579', 'f', '1997-01-16', NULL, 'Ginahaven', '3f35b1571133359618be07bb30a5eb903da60b39', '1990-04-08 10:30:33');
INSERT INTO `users` (`id`, `firstname`, `lastname`, `mail`, `phone`, `gender`, `birthday`, `photo_id`, `hometown`, `password_hash`, `created_at`) VALUES ('1907', 'Julie', 'Hilll', 'retta05@example.com', '694220', 'm', '1994-02-12', NULL, 'East Meaganmouth', '60563ffcad6526f61178a1a77c4a0b83364502b7', '2017-07-12 10:42:52');
INSERT INTO `users` (`id`, `firstname`, `lastname`, `mail`, `phone`, `gender`, `birthday`, `photo_id`, `hometown`, `password_hash`, `created_at`) VALUES ('1908', 'Austin', 'Erdman', 'osinski.mozelle@example.net', '102178', 'm', '1986-07-22', NULL, 'Bergehaven', '60dfb2777b95d32a9d0e2fabbf873ac644244a9e', '1975-11-17 04:44:32');
INSERT INTO `users` (`id`, `firstname`, `lastname`, `mail`, `phone`, `gender`, `birthday`, `photo_id`, `hometown`, `password_hash`, `created_at`) VALUES ('1910', 'Gwendolyn', 'Raynor', 'btromp@example.net', '506980', 'f', '2002-03-07', NULL, 'Littlebury', 'a547a67d0135154726eeb8007cc386ae79ad6b5a', '1971-02-07 06:50:16');
INSERT INTO `users` (`id`, `firstname`, `lastname`, `mail`, `phone`, `gender`, `birthday`, `photo_id`, `hometown`, `password_hash`, `created_at`) VALUES ('1920', 'Evelyn', 'Casper', 'pwalter@example.com', '221', 'f', '2016-09-29', NULL, 'Schummburgh', '47814636de0004b65b9833500b0bcf046162adeb', '2009-09-11 15:18:33');
INSERT INTO `users` (`id`, `firstname`, `lastname`, `mail`, `phone`, `gender`, `birthday`, `photo_id`, `hometown`, `password_hash`, `created_at`) VALUES ('1921', 'Ford', 'Kautzer', 'chadrick67@example.org', '835466', 'f', '2011-04-30', NULL, 'Krajcikport', 'd5662771de122deabd751979216b2b5f28b9ce81', '2009-01-12 20:02:19');
INSERT INTO `users` (`id`, `firstname`, `lastname`, `mail`, `phone`, `gender`, `birthday`, `photo_id`, `hometown`, `password_hash`, `created_at`) VALUES ('1923', 'Jacklyn', 'Stracke', 'cali.klein@example.org', '7765825246', 'f', '2018-04-03', NULL, 'Ignatiusberg', 'e018ec1e6b19375134b604e0e85f90cea6eb528e', '1973-07-11 22:03:18');
INSERT INTO `users` (`id`, `firstname`, `lastname`, `mail`, `phone`, `gender`, `birthday`, `photo_id`, `hometown`, `password_hash`, `created_at`) VALUES ('1926', 'Holly', 'Sipes', 'reinhold.nitzsche@example.net', '856', 'm', '1977-05-17', NULL, 'Brownland', '7d584a627ecd4f5f1719fa89180bc67ee2c891b6', '1979-06-03 01:41:45');
INSERT INTO `users` (`id`, `firstname`, `lastname`, `mail`, `phone`, `gender`, `birthday`, `photo_id`, `hometown`, `password_hash`, `created_at`) VALUES ('1932', 'Alice', 'Fay', 'delores40@example.com', '470790', 'f', '2003-06-21', NULL, 'East Karianemouth', '11bd3e877da1c15656ccfa363e76f6db52a078d9', '1975-04-07 07:08:12');
INSERT INTO `users` (`id`, `firstname`, `lastname`, `mail`, `phone`, `gender`, `birthday`, `photo_id`, `hometown`, `password_hash`, `created_at`) VALUES ('1933', 'Terrence', 'Balistreri', 'liza35@example.net', '317334', 'f', '2002-01-27', NULL, 'Helmermouth', 'ee07ac8936c6bc82cca0409e05ed372eca32caa8', '2007-12-06 23:53:09');
INSERT INTO `users` (`id`, `firstname`, `lastname`, `mail`, `phone`, `gender`, `birthday`, `photo_id`, `hometown`, `password_hash`, `created_at`) VALUES ('1934', 'Reece', 'Green', 'stanford.kub@example.net', '658', 'f', '1985-03-14', NULL, 'Port Kiaraborough', '42816d578cd571b8f165e83f0227275b4c19c33f', '1985-03-17 07:28:33');
INSERT INTO `users` (`id`, `firstname`, `lastname`, `mail`, `phone`, `gender`, `birthday`, `photo_id`, `hometown`, `password_hash`, `created_at`) VALUES ('1939', 'George', 'Abshire', 'addison.wiza@example.com', '81', 'f', '1990-02-03', NULL, 'West Daishafort', 'e6778255b9e4ff81303a9386a4f4db7ee7ee6aab', '2017-01-30 19:52:12');
INSERT INTO `users` (`id`, `firstname`, `lastname`, `mail`, `phone`, `gender`, `birthday`, `photo_id`, `hometown`, `password_hash`, `created_at`) VALUES ('1941', 'Malcolm', 'Ortiz', 'serena.rodriguez@example.org', '901', 'm', '1995-09-14', NULL, 'West Carrie', '3ea081006b6b1b56cb00b13520651792446f2b59', '2006-02-12 22:19:35');
INSERT INTO `users` (`id`, `firstname`, `lastname`, `mail`, `phone`, `gender`, `birthday`, `photo_id`, `hometown`, `password_hash`, `created_at`) VALUES ('1947', 'Ubaldo', 'Kuphal', 'dennis.tromp@example.org', '149082', 'f', '1973-11-28', NULL, 'Jayceefort', '847306424bca3110df1d64d14d60997f653cab80', '2007-08-25 03:25:44');
INSERT INTO `users` (`id`, `firstname`, `lastname`, `mail`, `phone`, `gender`, `birthday`, `photo_id`, `hometown`, `password_hash`, `created_at`) VALUES ('1951', 'Araceli', 'Kessler', 'effertz.kaden@example.com', '762879', 'f', '1992-07-21', NULL, 'East Marlin', '90eddeac2a968f479f84dfd3aafb1210eebc81ef', '2013-06-21 12:03:28');
INSERT INTO `users` (`id`, `firstname`, `lastname`, `mail`, `phone`, `gender`, `birthday`, `photo_id`, `hometown`, `password_hash`, `created_at`) VALUES ('1952', 'Cheyanne', 'Daniel', 'wconn@example.net', '41651', 'm', '2019-07-02', NULL, 'Josiechester', '514f7a82d37592547175c08cd60061b0fb7d6520', '1973-06-18 18:40:05');
INSERT INTO `users` (`id`, `firstname`, `lastname`, `mail`, `phone`, `gender`, `birthday`, `photo_id`, `hometown`, `password_hash`, `created_at`) VALUES ('1953', 'Buddy', 'Jast', 'gryan@example.org', '7727168012', 'f', '2003-08-14', NULL, 'Marjorieshire', '77b760d5f8a7ae03324bab5eb1c63e44573aa2ef', '1988-09-28 14:32:57');
INSERT INTO `users` (`id`, `firstname`, `lastname`, `mail`, `phone`, `gender`, `birthday`, `photo_id`, `hometown`, `password_hash`, `created_at`) VALUES ('1956', 'Berry', 'Grant', 'schmidt.aletha@example.net', '758451', 'f', '1998-03-03', NULL, 'Lake Ceasar', '98f4f33a235b8de98ad2bc698e31610365f0b0c8', '1991-10-25 01:22:22');
INSERT INTO `users` (`id`, `firstname`, `lastname`, `mail`, `phone`, `gender`, `birthday`, `photo_id`, `hometown`, `password_hash`, `created_at`) VALUES ('1964', 'Jonathan', 'Nicolas', 'uvon@example.net', '1123790205', 'f', '1997-08-24', NULL, 'North Gina', 'f814cb179770022273c481629f9d30d92b43f41f', '1996-09-09 20:56:46');
INSERT INTO `users` (`id`, `firstname`, `lastname`, `mail`, `phone`, `gender`, `birthday`, `photo_id`, `hometown`, `password_hash`, `created_at`) VALUES ('1965', 'Elinore', 'Botsford', 'shawna36@example.com', '119309', 'f', '1973-04-28', NULL, 'Lake Jeremie', 'aeccfeceb55034d03604cc29a78f09a2fcb58623', '1994-01-07 13:23:51');
INSERT INTO `users` (`id`, `firstname`, `lastname`, `mail`, `phone`, `gender`, `birthday`, `photo_id`, `hometown`, `password_hash`, `created_at`) VALUES ('1967', 'Eldred', 'Lind', 'abrakus@example.net', '274', 'm', '1987-02-12', NULL, 'Saulbury', '9c15235b70bfd2fb29096e792de1a5d16286676b', '1994-08-19 18:50:24');
INSERT INTO `users` (`id`, `firstname`, `lastname`, `mail`, `phone`, `gender`, `birthday`, `photo_id`, `hometown`, `password_hash`, `created_at`) VALUES ('1970', 'Leanna', 'Rice', 'justus55@example.net', '6463312015', 'm', '2008-09-21', NULL, 'Caesarburgh', '8e081db4448e8d6f98efe6791dc45f82ec73d7f6', '1981-01-25 20:47:17');
INSERT INTO `users` (`id`, `firstname`, `lastname`, `mail`, `phone`, `gender`, `birthday`, `photo_id`, `hometown`, `password_hash`, `created_at`) VALUES ('1977', 'Braden', 'Cormier', 'jeffrey.trantow@example.net', '808', 'f', '2015-04-20', NULL, 'Hansenshire', '1263408b8a6718fde3e28d05142361aafc0d347c', '2005-04-20 12:59:19');
INSERT INTO `users` (`id`, `firstname`, `lastname`, `mail`, `phone`, `gender`, `birthday`, `photo_id`, `hometown`, `password_hash`, `created_at`) VALUES ('1978', 'Augusta', 'Cormier', 'brycen40@example.net', '19', 'm', '1984-04-05', NULL, 'Nikolausborough', '9a71bac08254f64de92a3522f2817d5b0a0d34fd', '1996-02-24 23:02:55');
INSERT INTO `users` (`id`, `firstname`, `lastname`, `mail`, `phone`, `gender`, `birthday`, `photo_id`, `hometown`, `password_hash`, `created_at`) VALUES ('1979', 'Anya', 'Schultz', 'gianni.gutmann@example.org', '35086', 'f', '2019-08-09', NULL, 'New Siennastad', '9face22684b51cc727a07df33d46cf048209b96f', '1978-08-13 12:58:36');
INSERT INTO `users` (`id`, `firstname`, `lastname`, `mail`, `phone`, `gender`, `birthday`, `photo_id`, `hometown`, `password_hash`, `created_at`) VALUES ('1981', 'Ahmad', 'Murphy', 'swift.archibald@example.com', '278385', 'm', '2001-07-18', NULL, 'Veummouth', '7d687629964f4a9c6f9fb2559af2e2be39bd2dcd', '1976-08-20 12:58:55');
INSERT INTO `users` (`id`, `firstname`, `lastname`, `mail`, `phone`, `gender`, `birthday`, `photo_id`, `hometown`, `password_hash`, `created_at`) VALUES ('1982', 'Golden', 'Cassin', 'ida.orn@example.org', '21', 'f', '1985-05-20', NULL, 'New Charlene', '68265b12730bf0d693b2bc646fd9122238722c62', '1998-06-01 14:34:54');
INSERT INTO `users` (`id`, `firstname`, `lastname`, `mail`, `phone`, `gender`, `birthday`, `photo_id`, `hometown`, `password_hash`, `created_at`) VALUES ('1984', 'Donna', 'Bergstrom', 'francisco80@example.com', '441630', 'f', '2012-02-23', NULL, 'Port Arielfurt', '2d7c94480ddb27e4c98751db4d6db4d17321c8df', '1995-08-04 13:00:28');
INSERT INTO `users` (`id`, `firstname`, `lastname`, `mail`, `phone`, `gender`, `birthday`, `photo_id`, `hometown`, `password_hash`, `created_at`) VALUES ('1985', 'Caesar', 'Klein', 'santiago.rath@example.org', '245', 'm', '2015-03-28', NULL, 'Jaskolskiton', '9c265610c17385da59a979c053869579fe7b5886', '1994-02-28 04:31:58');
INSERT INTO `users` (`id`, `firstname`, `lastname`, `mail`, `phone`, `gender`, `birthday`, `photo_id`, `hometown`, `password_hash`, `created_at`) VALUES ('1986', 'Michael', 'Ondricka', 'joshuah.cole@example.com', '464', 'm', '1982-01-11', NULL, 'East Pearliefort', '7c2fab9bafcb54f76c19d2afc47c9524e65bdb9e', '1990-11-09 14:18:57');
INSERT INTO `users` (`id`, `firstname`, `lastname`, `mail`, `phone`, `gender`, `birthday`, `photo_id`, `hometown`, `password_hash`, `created_at`) VALUES ('1987', 'Joseph', 'Erdman', 'trantow.jeffery@example.com', '122', 'm', '2008-12-23', NULL, 'New Angie', 'a0f58e4e3e1cb31455487796aaa561bbf55d8a24', '1978-07-01 21:30:14');
INSERT INTO `users` (`id`, `firstname`, `lastname`, `mail`, `phone`, `gender`, `birthday`, `photo_id`, `hometown`, `password_hash`, `created_at`) VALUES ('1989', 'Raina', 'Lebsack', 'cmosciski@example.org', '661', 'm', '2013-11-27', NULL, 'New Maynard', '337375cc73e7b2998845041c33eca5d918488386', '1991-05-03 11:52:26');
INSERT INTO `users` (`id`, `firstname`, `lastname`, `mail`, `phone`, `gender`, `birthday`, `photo_id`, `hometown`, `password_hash`, `created_at`) VALUES ('1996', 'Ambrose', 'Bogisich', 'mcclure.fernando@example.com', '259233', 'm', '2015-07-12', NULL, 'North Ava', '54b1b37febbb443e32e6f38227c2829828744f44', '1976-11-09 21:21:38');

#
# TABLE STRUCTURE FOR: messages
#

DROP TABLE IF EXISTS `messages`;

CREATE TABLE `messages` (
  `id` bigint(20) unsigned NOT NULL AUTO_INCREMENT,
  `from_user_id` bigint(20) unsigned NOT NULL,
  `to_user_id` bigint(20) unsigned NOT NULL,
  `body` text COLLATE utf8mb4_unicode_ci DEFAULT NULL,
  `created_at` datetime DEFAULT current_timestamp(),
  PRIMARY KEY (`id`),
  KEY `from_user_id` (`from_user_id`),
  KEY `to_user_id` (`to_user_id`),
  CONSTRAINT `messages_ibfk_1` FOREIGN KEY (`from_user_id`) REFERENCES `users` (`id`),
  CONSTRAINT `messages_ibfk_2` FOREIGN KEY (`to_user_id`) REFERENCES `users` (`id`)
) ENGINE=InnoDB AUTO_INCREMENT=101 DEFAULT CHARSET=utf8mb4 COLLATE=utf8mb4_unicode_ci;

INSERT INTO `messages` (`id`, `from_user_id`, `to_user_id`, `body`, `created_at`) VALUES ('1', '1001', '1001', 'Alias maiores possimus nulla facere. Et quo vitae suscipit et sunt nulla iusto. Ut sint impedit dignissimos qui.', '2003-04-14 07:35:03');
INSERT INTO `messages` (`id`, `from_user_id`, `to_user_id`, `body`, `created_at`) VALUES ('2', '1002', '1002', 'Nihil qui et autem cumque quaerat soluta odit possimus. Sunt nihil quibusdam labore ipsum reprehenderit. Velit doloribus accusantium laborum sapiente molestias minima illo.', '1993-12-13 14:20:05');
INSERT INTO `messages` (`id`, `from_user_id`, `to_user_id`, `body`, `created_at`) VALUES ('3', '1003', '1003', 'Rem iusto eos magnam esse et consequatur. Velit quasi quo quo porro odit qui sint.', '1983-02-08 01:34:51');
INSERT INTO `messages` (`id`, `from_user_id`, `to_user_id`, `body`, `created_at`) VALUES ('4', '1005', '1005', 'Magnam assumenda consequatur quas beatae eos. Expedita quaerat autem libero iste officia dolorum totam. Ipsam quis nulla ut incidunt velit perferendis.', '1973-03-18 01:01:47');
INSERT INTO `messages` (`id`, `from_user_id`, `to_user_id`, `body`, `created_at`) VALUES ('5', '1006', '1006', 'Enim nesciunt sint quod laborum. Suscipit voluptatem consectetur tempora ipsum debitis amet. Iure et ut deserunt aut reiciendis. Tempore est perferendis nam consequatur ipsam quia.', '2007-07-28 10:51:11');
INSERT INTO `messages` (`id`, `from_user_id`, `to_user_id`, `body`, `created_at`) VALUES ('6', '1007', '1007', 'Veritatis nulla necessitatibus quia quisquam. Ex iste rem rem iste sunt. Nulla qui quisquam quia sint nihil qui culpa minus.', '1995-10-04 19:34:40');
INSERT INTO `messages` (`id`, `from_user_id`, `to_user_id`, `body`, `created_at`) VALUES ('7', '1009', '1009', 'Quis qui unde repellat hic autem et. Consequatur magni nesciunt unde perspiciatis in veritatis. Voluptatibus alias ut tenetur ut ipsum error quaerat.', '1993-08-31 12:13:47');
INSERT INTO `messages` (`id`, `from_user_id`, `to_user_id`, `body`, `created_at`) VALUES ('8', '1011', '1011', 'Sed quod enim ipsa facilis. Quasi ab in corporis eius autem. Sit soluta est culpa esse natus velit.', '2008-02-04 17:48:43');
INSERT INTO `messages` (`id`, `from_user_id`, `to_user_id`, `body`, `created_at`) VALUES ('9', '1016', '1016', 'Qui saepe consectetur architecto dolor. Fuga reiciendis excepturi assumenda accusantium. Ad ratione doloribus id harum sit ea.', '2009-06-04 02:58:20');
INSERT INTO `messages` (`id`, `from_user_id`, `to_user_id`, `body`, `created_at`) VALUES ('10', '1017', '1017', 'Ut quos quia saepe dolorem dolore. Velit expedita vel architecto ipsum. Commodi adipisci ad cupiditate ad aut.', '1972-03-09 20:34:05');
INSERT INTO `messages` (`id`, `from_user_id`, `to_user_id`, `body`, `created_at`) VALUES ('11', '1018', '1018', 'Assumenda asperiores occaecati quidem beatae recusandae tempora laudantium. Deserunt omnis enim ex explicabo officiis sunt maiores. Corporis eum accusantium beatae qui eum error suscipit. Aut amet eos sunt velit aspernatur dolorem.', '1981-02-22 13:07:58');
INSERT INTO `messages` (`id`, `from_user_id`, `to_user_id`, `body`, `created_at`) VALUES ('12', '1021', '1021', 'Aperiam deleniti et sequi accusantium est est aut mollitia. Quo reprehenderit in quo quibusdam rem eos accusantium. Non fuga corporis unde culpa quidem. Neque laudantium aut perspiciatis aliquid maxime perspiciatis pariatur.', '1988-06-05 20:06:46');
INSERT INTO `messages` (`id`, `from_user_id`, `to_user_id`, `body`, `created_at`) VALUES ('13', '1022', '1022', 'Natus non accusamus maiores asperiores. Cupiditate odit non quasi ut eos qui ut. Quo beatae minima ab voluptas soluta.', '1982-06-06 09:40:04');
INSERT INTO `messages` (`id`, `from_user_id`, `to_user_id`, `body`, `created_at`) VALUES ('14', '1023', '1023', 'Qui qui id vel ad est. Architecto eveniet voluptatem consequatur occaecati placeat sit. Est omnis beatae consequatur suscipit reprehenderit reprehenderit officia.', '1999-01-26 07:09:15');
INSERT INTO `messages` (`id`, `from_user_id`, `to_user_id`, `body`, `created_at`) VALUES ('15', '1024', '1024', 'Reiciendis pariatur cupiditate quasi. Amet quibusdam et quia magnam sit veniam. Vitae asperiores fuga dolorem repellat nobis. Perspiciatis et adipisci dolorem dolore.', '1985-11-20 13:45:59');
INSERT INTO `messages` (`id`, `from_user_id`, `to_user_id`, `body`, `created_at`) VALUES ('16', '1026', '1026', 'Numquam ex esse voluptate totam aut. Vitae necessitatibus id fugit soluta mollitia et facere accusantium. Voluptates cupiditate quae atque assumenda quasi voluptas.', '2002-11-28 20:45:19');
INSERT INTO `messages` (`id`, `from_user_id`, `to_user_id`, `body`, `created_at`) VALUES ('17', '1027', '1027', 'Eius et voluptas et voluptatem eaque in. Voluptatem non temporibus repellendus aut. Praesentium enim quas aperiam doloremque et dolor quis. Dolorum provident voluptatem voluptas aliquid odio sunt pariatur velit. Harum magnam magni soluta dicta aut.', '1987-07-26 23:33:33');
INSERT INTO `messages` (`id`, `from_user_id`, `to_user_id`, `body`, `created_at`) VALUES ('18', '1034', '1034', 'Ad distinctio excepturi dolor ea ab dolorum quisquam. Tenetur veritatis voluptatum voluptates ut doloribus libero id. Non error non amet repellat.', '2021-02-13 00:03:48');
INSERT INTO `messages` (`id`, `from_user_id`, `to_user_id`, `body`, `created_at`) VALUES ('19', '1036', '1036', 'Quas nemo et aut quia et quam quasi. Laboriosam aperiam excepturi iusto exercitationem omnis. Consequatur deserunt doloremque esse cum ut voluptas molestiae. Dolor ex similique quos quia officia quia dolorum.', '2016-06-30 14:45:36');
INSERT INTO `messages` (`id`, `from_user_id`, `to_user_id`, `body`, `created_at`) VALUES ('20', '1037', '1037', 'Adipisci sit consequuntur veritatis consequatur voluptas quas. Nostrum est doloribus quos quo molestiae qui voluptas. Iste excepturi nostrum et sit. Aliquam quaerat perferendis quis modi quis.', '2021-03-06 18:12:03');
INSERT INTO `messages` (`id`, `from_user_id`, `to_user_id`, `body`, `created_at`) VALUES ('21', '1038', '1038', 'Provident possimus quaerat possimus suscipit iste aut. Vel eos ea molestiae sit officiis. Assumenda sint ex sequi est temporibus autem nihil voluptatem. Nam quos similique autem assumenda quas vitae.', '1990-01-30 05:45:06');
INSERT INTO `messages` (`id`, `from_user_id`, `to_user_id`, `body`, `created_at`) VALUES ('22', '1039', '1039', 'Error fuga eveniet sit ullam sunt rerum ut. Incidunt aut explicabo voluptatem earum impedit. Est dolor in ab sit facilis dolor et architecto. Officia sunt velit fugiat soluta eum.', '1979-06-16 04:05:51');
INSERT INTO `messages` (`id`, `from_user_id`, `to_user_id`, `body`, `created_at`) VALUES ('23', '1041', '1041', 'Exercitationem suscipit quisquam officiis sit quo nam. Ut blanditiis modi est molestias architecto delectus consequatur. Corrupti corporis iure repudiandae dolores quis.', '1977-11-21 15:37:19');
INSERT INTO `messages` (`id`, `from_user_id`, `to_user_id`, `body`, `created_at`) VALUES ('24', '1043', '1043', 'Odit beatae nisi pariatur quo velit laudantium. Doloremque enim tenetur veritatis fugit sunt explicabo ratione repellendus. Et et ipsa accusantium. Consequuntur blanditiis voluptatum aut non et tenetur autem.', '1999-08-05 14:06:12');
INSERT INTO `messages` (`id`, `from_user_id`, `to_user_id`, `body`, `created_at`) VALUES ('25', '1044', '1044', 'Ea distinctio pariatur ad quo. Exercitationem perferendis non et. Qui nostrum dolorem dolores sit.', '2014-03-28 00:23:02');
INSERT INTO `messages` (`id`, `from_user_id`, `to_user_id`, `body`, `created_at`) VALUES ('26', '1046', '1046', 'Debitis qui magni voluptatem eum. Eligendi aliquid delectus quo accusantium. Est magnam saepe animi distinctio. Culpa eligendi et non sint explicabo exercitationem sed.', '1978-09-15 10:05:28');
INSERT INTO `messages` (`id`, `from_user_id`, `to_user_id`, `body`, `created_at`) VALUES ('27', '1048', '1048', 'Corrupti dolores facilis id porro et. Earum dolorem labore corrupti vel ea aut hic accusantium. Aut officiis reiciendis libero consequatur.', '2012-03-19 14:08:33');
INSERT INTO `messages` (`id`, `from_user_id`, `to_user_id`, `body`, `created_at`) VALUES ('28', '1051', '1051', 'Blanditiis qui molestias officia velit. Ab quia asperiores nihil quaerat soluta adipisci. Optio maiores consequuntur doloribus consequuntur. Velit doloribus asperiores harum nesciunt eum voluptatibus at voluptatem. Voluptas quo numquam velit hic et ducimus.', '2007-08-03 19:23:28');
INSERT INTO `messages` (`id`, `from_user_id`, `to_user_id`, `body`, `created_at`) VALUES ('29', '1054', '1054', 'Rerum praesentium ut natus aliquam quae tempora odio cumque. Quam sit vel quia sit occaecati eaque. Voluptate quas vitae excepturi ut delectus.', '1982-04-08 21:38:48');
INSERT INTO `messages` (`id`, `from_user_id`, `to_user_id`, `body`, `created_at`) VALUES ('30', '1056', '1056', 'Quo qui neque ut quidem nihil. Neque ut consequatur dolore sunt repellendus in omnis.', '1977-07-19 00:01:28');
INSERT INTO `messages` (`id`, `from_user_id`, `to_user_id`, `body`, `created_at`) VALUES ('31', '1057', '1057', 'Consequatur praesentium voluptatem sed molestiae maxime. Ipsam amet quas consectetur vero saepe et. Harum temporibus quo omnis assumenda.', '1995-01-04 04:17:34');
INSERT INTO `messages` (`id`, `from_user_id`, `to_user_id`, `body`, `created_at`) VALUES ('32', '1060', '1060', 'Quaerat quis ut nihil nemo saepe. Nihil laboriosam excepturi laboriosam ut quia.', '2003-05-20 00:32:40');
INSERT INTO `messages` (`id`, `from_user_id`, `to_user_id`, `body`, `created_at`) VALUES ('33', '1061', '1061', 'Et error consequuntur cumque non facere rem aspernatur. Nulla sapiente non qui aut error provident quibusdam. Ea dolor voluptatem ea nihil aut. Aliquid autem ut vel ratione ea voluptatibus qui.', '2020-07-29 19:14:20');
INSERT INTO `messages` (`id`, `from_user_id`, `to_user_id`, `body`, `created_at`) VALUES ('34', '1062', '1062', 'Facilis itaque possimus quasi tempora. Deleniti sequi aspernatur dolores recusandae ut.', '1978-10-31 10:35:10');
INSERT INTO `messages` (`id`, `from_user_id`, `to_user_id`, `body`, `created_at`) VALUES ('35', '1064', '1064', 'Velit corrupti similique dolor ea. Quas magni vel et at. Saepe amet tempore saepe quo repudiandae voluptatem rerum. Eius quisquam id id voluptas sit fugit qui.', '1980-04-08 20:52:36');
INSERT INTO `messages` (`id`, `from_user_id`, `to_user_id`, `body`, `created_at`) VALUES ('36', '1065', '1065', 'Id porro iste maiores at qui at. Et deleniti fuga aliquid voluptates autem et. Sapiente libero saepe a est. Voluptas velit rerum aut sunt ducimus.', '2014-06-06 14:24:34');
INSERT INTO `messages` (`id`, `from_user_id`, `to_user_id`, `body`, `created_at`) VALUES ('37', '1066', '1066', 'Sequi assumenda omnis recusandae voluptas sed. Laudantium dolore vel aut et cum. Eos corrupti laudantium distinctio ipsa architecto. Cum est eveniet quasi qui.', '1992-04-13 06:01:22');
INSERT INTO `messages` (`id`, `from_user_id`, `to_user_id`, `body`, `created_at`) VALUES ('38', '1067', '1067', 'Et accusantium quibusdam totam nulla. Harum consequatur velit sapiente cum quia.', '2004-04-30 08:46:01');
INSERT INTO `messages` (`id`, `from_user_id`, `to_user_id`, `body`, `created_at`) VALUES ('39', '1068', '1068', 'Possimus consequuntur ipsa soluta ut illum. Est consectetur sed reprehenderit modi eius minus voluptates. Omnis dolor aspernatur aut ut eum nulla est.', '1988-08-31 11:33:36');
INSERT INTO `messages` (`id`, `from_user_id`, `to_user_id`, `body`, `created_at`) VALUES ('40', '1069', '1069', 'Harum nisi iusto ea asperiores hic perferendis. At corrupti vel quam officiis minus et. Perspiciatis modi dolorum vitae quidem recusandae quia eum. Nam voluptatum dolore harum ut nulla iste.', '2005-11-27 21:40:02');
INSERT INTO `messages` (`id`, `from_user_id`, `to_user_id`, `body`, `created_at`) VALUES ('41', '1072', '1072', 'Earum facere quia id aliquid quae harum. Suscipit facere odit quia velit tempora quo fugit. Dolorem sit qui unde iste fuga non repellendus velit. Sed et accusamus rem id dolorem est autem sit. Iste id est quis et.', '2012-11-23 04:37:59');
INSERT INTO `messages` (`id`, `from_user_id`, `to_user_id`, `body`, `created_at`) VALUES ('42', '1073', '1073', 'Earum porro consequatur est aut amet. Laborum et dolores ratione autem non quidem expedita. Unde aut dolorem accusamus ullam.', '1985-07-06 03:41:49');
INSERT INTO `messages` (`id`, `from_user_id`, `to_user_id`, `body`, `created_at`) VALUES ('43', '1074', '1074', 'Numquam incidunt consequatur iure iste perspiciatis. Debitis numquam eum incidunt vel. Rerum quis animi quis quis dolores voluptatibus at illum.', '1972-02-17 10:04:48');
INSERT INTO `messages` (`id`, `from_user_id`, `to_user_id`, `body`, `created_at`) VALUES ('44', '1076', '1076', 'Unde corrupti incidunt accusantium amet omnis ea autem. Repellat rerum accusamus quis aliquam alias magnam quis. Veniam sequi repudiandae est qui nihil impedit.', '2004-02-12 00:07:12');
INSERT INTO `messages` (`id`, `from_user_id`, `to_user_id`, `body`, `created_at`) VALUES ('45', '1079', '1079', 'Molestias facere rerum iusto. Vero eum cumque nam maxime ut. Voluptatum maiores maiores libero at suscipit ab quia.', '1991-09-12 01:05:48');
INSERT INTO `messages` (`id`, `from_user_id`, `to_user_id`, `body`, `created_at`) VALUES ('46', '1080', '1080', 'Nisi eveniet magnam sunt voluptatum delectus. Et aut et omnis aut voluptatem. Dolore dolorem labore vero sequi tenetur nobis. Soluta quidem debitis soluta sapiente.', '1983-10-30 22:52:16');
INSERT INTO `messages` (`id`, `from_user_id`, `to_user_id`, `body`, `created_at`) VALUES ('47', '1081', '1081', 'Et ratione animi et vitae necessitatibus sed. Ratione quis porro earum reprehenderit. Nemo nihil et eum laboriosam unde. Quod voluptatem quibusdam consequatur voluptatum officiis illum maxime.', '1983-01-08 06:33:08');
INSERT INTO `messages` (`id`, `from_user_id`, `to_user_id`, `body`, `created_at`) VALUES ('48', '1083', '1083', 'Minus placeat dignissimos officiis. Repellendus tenetur aut consectetur et est debitis. Non adipisci et pariatur excepturi.', '2012-02-14 02:44:17');
INSERT INTO `messages` (`id`, `from_user_id`, `to_user_id`, `body`, `created_at`) VALUES ('49', '1084', '1084', 'Est in quia a sequi incidunt est. Quia qui soluta et vero. Provident nobis ut libero itaque adipisci totam accusantium accusantium.', '1975-01-11 03:18:30');
INSERT INTO `messages` (`id`, `from_user_id`, `to_user_id`, `body`, `created_at`) VALUES ('50', '1086', '1086', 'Exercitationem quia esse quos ut. Sit amet recusandae occaecati laboriosam nesciunt. Tempore consequatur ipsam rerum est fugit. Labore rerum voluptatum consequuntur laboriosam saepe.', '1993-03-27 21:29:56');
INSERT INTO `messages` (`id`, `from_user_id`, `to_user_id`, `body`, `created_at`) VALUES ('51', '1087', '1087', 'Alias nostrum labore quae sed. Necessitatibus molestiae hic saepe officia aliquam veritatis. Officia in animi ut et. Voluptatum reprehenderit consectetur reiciendis fugiat.', '2005-10-15 00:07:50');
INSERT INTO `messages` (`id`, `from_user_id`, `to_user_id`, `body`, `created_at`) VALUES ('52', '1088', '1088', 'Et porro autem nostrum porro. Libero architecto nobis doloremque maiores. Veniam fugit omnis veniam modi. Occaecati veniam distinctio et sed molestias consectetur temporibus.', '1988-08-04 01:39:35');
INSERT INTO `messages` (`id`, `from_user_id`, `to_user_id`, `body`, `created_at`) VALUES ('53', '1095', '1095', 'Dolorum iure officiis mollitia accusamus perspiciatis unde. Rerum eveniet suscipit fugit. Eaque amet placeat voluptatem. Voluptate laborum repudiandae nobis.', '1975-08-08 19:42:25');
INSERT INTO `messages` (`id`, `from_user_id`, `to_user_id`, `body`, `created_at`) VALUES ('54', '1097', '1097', 'Tenetur quia quia nihil cumque maiores. Deserunt soluta itaque est consequatur est voluptates corporis. Laborum ad saepe in sunt numquam esse.', '2008-06-09 18:36:30');
INSERT INTO `messages` (`id`, `from_user_id`, `to_user_id`, `body`, `created_at`) VALUES ('55', '1098', '1098', 'Sint dolores odit officiis error ullam. Magni voluptatem cumque dicta sed et non. Odio tenetur qui consequuntur exercitationem consectetur.', '2008-01-20 02:19:06');
INSERT INTO `messages` (`id`, `from_user_id`, `to_user_id`, `body`, `created_at`) VALUES ('56', '1099', '1099', 'Voluptatibus dignissimos magni sint hic enim quia. Ut voluptatum tenetur dolorem et dolore qui dolores. Adipisci et et et hic dolorem doloribus.', '1970-05-20 20:53:06');
INSERT INTO `messages` (`id`, `from_user_id`, `to_user_id`, `body`, `created_at`) VALUES ('57', '1101', '1101', 'Eligendi harum ut dolorem rerum fugiat dignissimos possimus. Ea quasi ducimus vitae eos accusantium aut. Eligendi incidunt aut sapiente voluptas. Ab minus eum maiores id.', '1986-11-23 05:30:55');
INSERT INTO `messages` (`id`, `from_user_id`, `to_user_id`, `body`, `created_at`) VALUES ('58', '1103', '1103', 'Et maiores dolorem nemo et tempore et. Veniam est ullam qui et. Cum numquam quia voluptas.', '1971-06-07 16:32:44');
INSERT INTO `messages` (`id`, `from_user_id`, `to_user_id`, `body`, `created_at`) VALUES ('59', '1104', '1104', 'Voluptas nam praesentium ea vitae. Nam et eaque aut sit nulla animi tenetur. Perferendis atque et id aliquid.', '2010-01-05 09:55:37');
INSERT INTO `messages` (`id`, `from_user_id`, `to_user_id`, `body`, `created_at`) VALUES ('60', '1105', '1105', 'Molestiae tenetur minima ea ut impedit. Accusantium ullam qui aut corrupti quidem maiores aut. Nostrum recusandae voluptas et omnis qui quibusdam. Tenetur corrupti hic iusto quasi dolorum quibusdam.', '2014-06-07 03:55:12');
INSERT INTO `messages` (`id`, `from_user_id`, `to_user_id`, `body`, `created_at`) VALUES ('61', '1110', '1110', 'Rerum voluptatem commodi repellat dolores similique aut omnis. Corporis perspiciatis ex expedita porro aut earum. Eveniet nihil ea consequatur nisi quod iste.', '2010-07-16 04:55:56');
INSERT INTO `messages` (`id`, `from_user_id`, `to_user_id`, `body`, `created_at`) VALUES ('62', '1111', '1111', 'Laborum assumenda consequatur enim ex voluptas delectus ut. Repellat cupiditate in dolorem. Fugit est dolorem possimus omnis consectetur voluptas. Omnis officia modi recusandae.', '2012-07-20 19:27:50');
INSERT INTO `messages` (`id`, `from_user_id`, `to_user_id`, `body`, `created_at`) VALUES ('63', '1113', '1113', 'Itaque dolorem iure consequatur cumque et quo natus enim. Magni nostrum tempora tempora. Dignissimos dolores ad sapiente eius blanditiis quaerat reprehenderit. Id similique nostrum facilis et et.', '2019-05-06 03:45:00');
INSERT INTO `messages` (`id`, `from_user_id`, `to_user_id`, `body`, `created_at`) VALUES ('64', '1114', '1114', 'Quos sed ut tenetur velit tenetur sed tempore. Facere quo minus quisquam rerum est sint qui. Amet similique fuga facere qui ut.', '1971-01-26 01:27:36');
INSERT INTO `messages` (`id`, `from_user_id`, `to_user_id`, `body`, `created_at`) VALUES ('65', '1115', '1115', 'Deleniti voluptatem doloremque excepturi voluptas aut. Quibusdam nihil aut eos iure quaerat cupiditate repellat ipsum. Qui ullam temporibus ex ut ducimus quo ratione. Maiores explicabo ut quas.', '1971-08-13 02:56:58');
INSERT INTO `messages` (`id`, `from_user_id`, `to_user_id`, `body`, `created_at`) VALUES ('66', '1116', '1116', 'Dolor qui nesciunt sunt tenetur maxime provident aut. Totam repellendus accusantium explicabo sapiente voluptate accusamus sit nulla. Sit ea dolor et vitae nostrum adipisci amet eaque.', '2016-11-21 19:04:25');
INSERT INTO `messages` (`id`, `from_user_id`, `to_user_id`, `body`, `created_at`) VALUES ('67', '1119', '1119', 'Quidem et non enim asperiores. Repudiandae consequatur alias asperiores temporibus exercitationem voluptates laboriosam ducimus. Officia quae quam aliquam.', '1996-07-29 23:30:01');
INSERT INTO `messages` (`id`, `from_user_id`, `to_user_id`, `body`, `created_at`) VALUES ('68', '1121', '1121', 'Amet velit natus perferendis nesciunt laborum at corrupti id. Qui aliquid numquam dolorem accusantium eligendi iure labore. Temporibus atque vel sit rerum atque similique.', '2017-09-23 05:02:11');
INSERT INTO `messages` (`id`, `from_user_id`, `to_user_id`, `body`, `created_at`) VALUES ('69', '1123', '1123', 'Illo et maiores reiciendis suscipit. Minus cum vitae et nemo sed incidunt. Porro aut quae occaecati. Aspernatur distinctio rem aliquid et pariatur molestiae minus.', '1989-11-30 19:11:46');
INSERT INTO `messages` (`id`, `from_user_id`, `to_user_id`, `body`, `created_at`) VALUES ('70', '1125', '1125', 'Laborum aut deleniti sit. Sit quidem eaque sed voluptas quasi deleniti. Necessitatibus molestiae veniam corrupti quo modi perferendis iste dolor. Qui illo ut non nulla vero.', '1972-09-01 10:24:52');
INSERT INTO `messages` (`id`, `from_user_id`, `to_user_id`, `body`, `created_at`) VALUES ('71', '1127', '1127', 'Voluptatem consequatur accusamus labore asperiores et eum. Totam a recusandae et ratione et inventore. Numquam in dolor et placeat voluptatem error odio. Dolores accusamus blanditiis repudiandae a repellat.', '1995-11-22 04:26:28');
INSERT INTO `messages` (`id`, `from_user_id`, `to_user_id`, `body`, `created_at`) VALUES ('72', '1128', '1128', 'Sunt officia blanditiis architecto nobis. Nemo veritatis repudiandae quia recusandae enim. Tenetur cum expedita omnis eveniet quae in ratione ea. Dolorem sunt repellat non rerum aspernatur est libero distinctio.', '1993-02-24 11:43:43');
INSERT INTO `messages` (`id`, `from_user_id`, `to_user_id`, `body`, `created_at`) VALUES ('73', '1129', '1129', 'Similique ut voluptas deserunt sapiente itaque deserunt tempore. Commodi qui eos aut mollitia ratione accusamus.', '1982-11-23 13:31:31');
INSERT INTO `messages` (`id`, `from_user_id`, `to_user_id`, `body`, `created_at`) VALUES ('74', '1130', '1130', 'Quibusdam in mollitia nam et sequi. Tempora non aliquid non culpa. Molestiae natus praesentium molestias.', '1979-11-25 21:52:40');
INSERT INTO `messages` (`id`, `from_user_id`, `to_user_id`, `body`, `created_at`) VALUES ('75', '1131', '1131', 'Consequatur tenetur et illum quia. Voluptas rerum sint mollitia non nemo. Itaque est mollitia voluptas nobis dolorum aperiam.', '2013-01-11 16:21:26');
INSERT INTO `messages` (`id`, `from_user_id`, `to_user_id`, `body`, `created_at`) VALUES ('76', '1132', '1132', 'Porro cumque beatae quia excepturi. Voluptatem similique eligendi in quia est praesentium et. Unde et aperiam aut distinctio molestiae debitis officia. Labore non et nihil est eaque.', '1974-01-04 15:21:01');
INSERT INTO `messages` (`id`, `from_user_id`, `to_user_id`, `body`, `created_at`) VALUES ('77', '1133', '1133', 'Rerum rerum fuga sed est esse officia nostrum. Natus laudantium aut quia et adipisci.', '1987-08-11 07:31:57');
INSERT INTO `messages` (`id`, `from_user_id`, `to_user_id`, `body`, `created_at`) VALUES ('78', '1134', '1134', 'Velit expedita omnis dolore repellendus. Voluptas dolores commodi animi rem labore quis et. Sed ut autem qui velit voluptatem ut.', '1984-11-02 04:38:37');
INSERT INTO `messages` (`id`, `from_user_id`, `to_user_id`, `body`, `created_at`) VALUES ('79', '1137', '1137', 'Iste ullam necessitatibus sit omnis dicta magnam. Illum illo amet ex voluptate. Fugiat qui eveniet et harum. Sit rem aliquid aut laudantium deleniti.', '2016-10-14 06:17:41');
INSERT INTO `messages` (`id`, `from_user_id`, `to_user_id`, `body`, `created_at`) VALUES ('80', '1138', '1138', 'Beatae ipsam autem aut et totam. Quam iusto sint non sint corrupti. Perferendis odit commodi saepe sed illo. Modi saepe aut soluta voluptatem vero. Velit enim consequatur suscipit.', '2000-08-12 11:49:51');
INSERT INTO `messages` (`id`, `from_user_id`, `to_user_id`, `body`, `created_at`) VALUES ('81', '1140', '1140', 'Explicabo libero officia neque similique rerum id. Fugit qui quis sunt quam quis qui facere. Voluptatem nemo animi aliquam aut. Sapiente in ut maiores.', '1993-06-25 20:12:58');
INSERT INTO `messages` (`id`, `from_user_id`, `to_user_id`, `body`, `created_at`) VALUES ('82', '1141', '1141', 'Aut libero quidem itaque possimus. Est possimus ratione delectus quis. Eos est non quasi magni facilis enim maxime. Enim dignissimos dolore quam dolor odio distinctio. Rerum aut sunt esse omnis aut debitis.', '1999-10-04 18:45:28');
INSERT INTO `messages` (`id`, `from_user_id`, `to_user_id`, `body`, `created_at`) VALUES ('83', '1143', '1143', 'Quae ea et cumque officia quod dignissimos quibusdam. Et rerum sit voluptates.', '2003-09-08 23:39:49');
INSERT INTO `messages` (`id`, `from_user_id`, `to_user_id`, `body`, `created_at`) VALUES ('84', '1147', '1147', 'Fugiat reiciendis nisi voluptate autem autem ut. Aut ducimus totam quo illum voluptate. Cum nostrum et fuga mollitia sunt. Asperiores provident inventore qui qui optio.', '2010-11-15 14:47:36');
INSERT INTO `messages` (`id`, `from_user_id`, `to_user_id`, `body`, `created_at`) VALUES ('85', '1148', '1148', 'Aliquid cupiditate quo maxime necessitatibus labore dolor. Modi quam nam voluptatem perferendis aliquam adipisci provident. Eligendi ut inventore consequatur voluptatem aliquid voluptas numquam. Velit necessitatibus praesentium possimus quia voluptatem quia quis.', '2013-06-19 04:35:15');
INSERT INTO `messages` (`id`, `from_user_id`, `to_user_id`, `body`, `created_at`) VALUES ('86', '1149', '1149', 'Ut hic suscipit sit harum quas deserunt. Ab eos tempore tenetur velit quaerat ut. Id quis officia nam optio. Voluptas dolorem sunt et provident quia eaque.', '2016-10-01 13:04:44');
INSERT INTO `messages` (`id`, `from_user_id`, `to_user_id`, `body`, `created_at`) VALUES ('87', '1150', '1150', 'Eius maiores velit nam earum debitis veniam. Unde corrupti voluptatem labore architecto accusantium saepe autem.', '1989-08-29 07:31:30');
INSERT INTO `messages` (`id`, `from_user_id`, `to_user_id`, `body`, `created_at`) VALUES ('88', '1151', '1151', 'Incidunt et et cum repellat. Omnis impedit magnam autem alias nisi atque. Inventore eius facere deserunt voluptatem occaecati cum quo nostrum. In nulla perferendis sapiente reiciendis. Optio eos enim eligendi labore.', '1998-11-19 21:35:52');
INSERT INTO `messages` (`id`, `from_user_id`, `to_user_id`, `body`, `created_at`) VALUES ('89', '1153', '1153', 'Fugit placeat quo aut quo rerum ducimus sequi magni. Unde sint ratione illum rem esse ut. Assumenda cumque et sapiente nihil atque ut.', '2019-11-07 23:24:44');
INSERT INTO `messages` (`id`, `from_user_id`, `to_user_id`, `body`, `created_at`) VALUES ('90', '1154', '1154', 'Quas minima esse modi quibusdam rerum cumque. Maxime eveniet quia libero. Ut id velit culpa sit est autem natus consequatur.', '2019-12-18 11:55:55');
INSERT INTO `messages` (`id`, `from_user_id`, `to_user_id`, `body`, `created_at`) VALUES ('91', '1157', '1157', 'Vero eveniet voluptatem provident ipsam eius. Doloribus distinctio omnis et. Autem qui laborum adipisci.', '1971-10-29 23:08:37');
INSERT INTO `messages` (`id`, `from_user_id`, `to_user_id`, `body`, `created_at`) VALUES ('92', '1158', '1158', 'Eum doloribus velit accusantium ea odit non voluptatem. Provident laudantium sunt est corporis a rerum minus. Assumenda facere ipsa enim dolor nihil inventore. Qui maxime doloribus labore numquam blanditiis reprehenderit. Voluptatem voluptas aut vel qui consectetur et et.', '1978-03-14 20:51:01');
INSERT INTO `messages` (`id`, `from_user_id`, `to_user_id`, `body`, `created_at`) VALUES ('93', '1160', '1160', 'Corporis quam fugit ut. Suscipit et atque non voluptas eveniet similique non. Saepe ut ut consequatur modi modi ad mollitia. Quo veritatis alias sit et in.', '2010-10-03 22:20:38');
INSERT INTO `messages` (`id`, `from_user_id`, `to_user_id`, `body`, `created_at`) VALUES ('94', '1163', '1163', 'Excepturi ut earum sed dolores vel. Deleniti itaque nihil molestiae. Illo porro dolores sunt. Ipsum voluptas et aperiam aut vel quas aut.', '2018-10-05 20:00:40');
INSERT INTO `messages` (`id`, `from_user_id`, `to_user_id`, `body`, `created_at`) VALUES ('95', '1164', '1164', 'Occaecati et ut eum laborum sint sit. Est quo cum accusamus minima labore. Commodi dolorem et totam autem eum dolorem illum fugiat. Non dolorem nihil dolorum aut quasi hic et.', '1977-05-07 02:12:43');
INSERT INTO `messages` (`id`, `from_user_id`, `to_user_id`, `body`, `created_at`) VALUES ('96', '1165', '1165', 'Saepe minima dolor nostrum quam distinctio ea. Similique voluptates laudantium suscipit corrupti molestias non. Cumque labore ut quia corporis neque omnis.', '1974-06-27 03:29:26');
INSERT INTO `messages` (`id`, `from_user_id`, `to_user_id`, `body`, `created_at`) VALUES ('97', '1166', '1166', 'Numquam commodi facilis soluta et sit eos maiores. Aut sunt illum eius numquam totam. Expedita quidem ut molestias sunt.', '1979-02-25 05:23:03');
INSERT INTO `messages` (`id`, `from_user_id`, `to_user_id`, `body`, `created_at`) VALUES ('98', '1167', '1167', 'Delectus ea fugiat dolores aut velit. Repudiandae voluptas ullam voluptas vitae. Rerum tempora sed aliquid omnis voluptates repudiandae.', '2015-01-06 23:42:07');
INSERT INTO `messages` (`id`, `from_user_id`, `to_user_id`, `body`, `created_at`) VALUES ('99', '1168', '1168', 'Quia quis maxime fugiat consectetur. Eaque qui vel aut autem commodi dicta. Et maiores maiores veritatis et eum.', '1992-11-25 14:58:16');
INSERT INTO `messages` (`id`, `from_user_id`, `to_user_id`, `body`, `created_at`) VALUES ('100', '1169', '1169', 'Temporibus et magnam ut fugiat commodi quia possimus voluptates. Velit ipsum dolore expedita dolore doloribus odit. Eaque at consequatur est suscipit voluptas autem.', '2019-04-17 12:59:09');

#
# TABLE STRUCTURE FOR: communities
#

DROP TABLE IF EXISTS `communities`;

CREATE TABLE `communities` (
  `id` bigint(20) unsigned NOT NULL AUTO_INCREMENT,
  `name` varchar(150) COLLATE utf8mb4_unicode_ci DEFAULT NULL,
  `admin_user_id` bigint(20) unsigned NOT NULL,
  PRIMARY KEY (`id`),
  UNIQUE KEY `name` (`name`),
  KEY `admin_user_id` (`admin_user_id`),
  CONSTRAINT `communities_ibfk_1` FOREIGN KEY (`admin_user_id`) REFERENCES `users` (`id`)
) ENGINE=InnoDB AUTO_INCREMENT=51 DEFAULT CHARSET=utf8mb4 COLLATE=utf8mb4_unicode_ci;

INSERT INTO `communities` (`id`, `name`, `admin_user_id`) VALUES ('1', 'eaque', '1001');
INSERT INTO `communities` (`id`, `name`, `admin_user_id`) VALUES ('2', 'sint', '1002');
INSERT INTO `communities` (`id`, `name`, `admin_user_id`) VALUES ('3', 'ad', '1003');
INSERT INTO `communities` (`id`, `name`, `admin_user_id`) VALUES ('4', 'quam', '1005');
INSERT INTO `communities` (`id`, `name`, `admin_user_id`) VALUES ('5', 'vitae', '1006');
INSERT INTO `communities` (`id`, `name`, `admin_user_id`) VALUES ('6', 'dicta', '1007');
INSERT INTO `communities` (`id`, `name`, `admin_user_id`) VALUES ('7', 'quis', '1009');
INSERT INTO `communities` (`id`, `name`, `admin_user_id`) VALUES ('8', 'ratione', '1011');
INSERT INTO `communities` (`id`, `name`, `admin_user_id`) VALUES ('9', 'nihil', '1016');
INSERT INTO `communities` (`id`, `name`, `admin_user_id`) VALUES ('10', 'similique', '1017');
INSERT INTO `communities` (`id`, `name`, `admin_user_id`) VALUES ('11', 'iste', '1018');
INSERT INTO `communities` (`id`, `name`, `admin_user_id`) VALUES ('12', 'dolorem', '1021');
INSERT INTO `communities` (`id`, `name`, `admin_user_id`) VALUES ('13', 'quo', '1022');
INSERT INTO `communities` (`id`, `name`, `admin_user_id`) VALUES ('14', 'nulla', '1023');
INSERT INTO `communities` (`id`, `name`, `admin_user_id`) VALUES ('15', 'ut', '1024');
INSERT INTO `communities` (`id`, `name`, `admin_user_id`) VALUES ('16', 'voluptatem', '1026');
INSERT INTO `communities` (`id`, `name`, `admin_user_id`) VALUES ('17', 'maiores', '1027');
INSERT INTO `communities` (`id`, `name`, `admin_user_id`) VALUES ('18', 'quia', '1034');
INSERT INTO `communities` (`id`, `name`, `admin_user_id`) VALUES ('19', 'pariatur', '1036');
INSERT INTO `communities` (`id`, `name`, `admin_user_id`) VALUES ('20', 'est', '1037');
INSERT INTO `communities` (`id`, `name`, `admin_user_id`) VALUES ('21', 'voluptas', '1038');
INSERT INTO `communities` (`id`, `name`, `admin_user_id`) VALUES ('22', 'corrupti', '1039');
INSERT INTO `communities` (`id`, `name`, `admin_user_id`) VALUES ('23', 'aut', '1041');
INSERT INTO `communities` (`id`, `name`, `admin_user_id`) VALUES ('24', 'consequuntur', '1043');
INSERT INTO `communities` (`id`, `name`, `admin_user_id`) VALUES ('25', 'voluptatibus', '1044');
INSERT INTO `communities` (`id`, `name`, `admin_user_id`) VALUES ('26', 'expedita', '1046');
INSERT INTO `communities` (`id`, `name`, `admin_user_id`) VALUES ('27', 'ea', '1048');
INSERT INTO `communities` (`id`, `name`, `admin_user_id`) VALUES ('28', 'dignissimos', '1051');
INSERT INTO `communities` (`id`, `name`, `admin_user_id`) VALUES ('29', 'in', '1054');
INSERT INTO `communities` (`id`, `name`, `admin_user_id`) VALUES ('30', 'esse', '1056');
INSERT INTO `communities` (`id`, `name`, `admin_user_id`) VALUES ('31', 'earum', '1057');
INSERT INTO `communities` (`id`, `name`, `admin_user_id`) VALUES ('32', 'et', '1060');
INSERT INTO `communities` (`id`, `name`, `admin_user_id`) VALUES ('33', 'soluta', '1061');
INSERT INTO `communities` (`id`, `name`, `admin_user_id`) VALUES ('34', 'doloremque', '1062');
INSERT INTO `communities` (`id`, `name`, `admin_user_id`) VALUES ('35', 'ipsa', '1064');
INSERT INTO `communities` (`id`, `name`, `admin_user_id`) VALUES ('36', 'ex', '1065');
INSERT INTO `communities` (`id`, `name`, `admin_user_id`) VALUES ('37', 'autem', '1066');
INSERT INTO `communities` (`id`, `name`, `admin_user_id`) VALUES ('38', 'non', '1067');
INSERT INTO `communities` (`id`, `name`, `admin_user_id`) VALUES ('39', 'omnis', '1068');
INSERT INTO `communities` (`id`, `name`, `admin_user_id`) VALUES ('40', 'eum', '1069');
INSERT INTO `communities` (`id`, `name`, `admin_user_id`) VALUES ('41', 'eos', '1072');
INSERT INTO `communities` (`id`, `name`, `admin_user_id`) VALUES ('42', 'qui', '1073');
INSERT INTO `communities` (`id`, `name`, `admin_user_id`) VALUES ('43', 'dolor', '1074');
INSERT INTO `communities` (`id`, `name`, `admin_user_id`) VALUES ('44', 'necessitatibus', '1076');
INSERT INTO `communities` (`id`, `name`, `admin_user_id`) VALUES ('45', 'officiis', '1079');
INSERT INTO `communities` (`id`, `name`, `admin_user_id`) VALUES ('46', 'impedit', '1080');
INSERT INTO `communities` (`id`, `name`, `admin_user_id`) VALUES ('47', 'amet', '1081');
INSERT INTO `communities` (`id`, `name`, `admin_user_id`) VALUES ('48', 'dolores', '1083');
INSERT INTO `communities` (`id`, `name`, `admin_user_id`) VALUES ('49', 'repellendus', '1084');
INSERT INTO `communities` (`id`, `name`, `admin_user_id`) VALUES ('50', 'enim', '1086');

#
# TABLE STRUCTURE FOR: friend_requests
#

DROP TABLE IF EXISTS `friend_requests`;

CREATE TABLE `friend_requests` (
  `initiator_user_id` bigint(20) unsigned NOT NULL,
  `target_user_id` bigint(20) unsigned NOT NULL,
  `status` enum('requested','approved','declined','unfriended') COLLATE utf8mb4_unicode_ci DEFAULT NULL,
  `requested_at` datetime DEFAULT current_timestamp(),
  `updated_at` datetime DEFAULT NULL ON UPDATE current_timestamp(),
  PRIMARY KEY (`initiator_user_id`,`target_user_id`),
  KEY `target_user_id` (`target_user_id`),
  CONSTRAINT `friend_requests_ibfk_1` FOREIGN KEY (`initiator_user_id`) REFERENCES `users` (`id`),
  CONSTRAINT `friend_requests_ibfk_2` FOREIGN KEY (`target_user_id`) REFERENCES `users` (`id`),
  CONSTRAINT `CONSTRAINT_1` CHECK (`initiator_user_id` <> `target_user_id`)
) ENGINE=InnoDB DEFAULT CHARSET=utf8mb4 COLLATE=utf8mb4_unicode_ci;

#
# TABLE STRUCTURE FOR: games
#

DROP TABLE IF EXISTS `games`;

CREATE TABLE `games` (
  `id` bigint(20) unsigned NOT NULL AUTO_INCREMENT,
  `name` varchar(255) COLLATE utf8mb4_unicode_ci NOT NULL,
  `created_at` datetime DEFAULT current_timestamp(),
  PRIMARY KEY (`id`),
  UNIQUE KEY `name` (`name`)
) ENGINE=InnoDB AUTO_INCREMENT=101 DEFAULT CHARSET=utf8mb4 COLLATE=utf8mb4_unicode_ci;

INSERT INTO `games` (`id`, `name`, `created_at`) VALUES ('1', 'quisquam', '1981-08-13 04:57:06');
INSERT INTO `games` (`id`, `name`, `created_at`) VALUES ('2', 'debitis', '2005-04-03 15:37:39');
INSERT INTO `games` (`id`, `name`, `created_at`) VALUES ('3', 'voluptatem', '2020-05-09 04:11:57');
INSERT INTO `games` (`id`, `name`, `created_at`) VALUES ('4', 'et', '1978-02-12 07:29:03');
INSERT INTO `games` (`id`, `name`, `created_at`) VALUES ('5', 'consectetur', '1998-09-05 21:05:16');
INSERT INTO `games` (`id`, `name`, `created_at`) VALUES ('6', 'neque', '2012-07-20 04:39:43');
INSERT INTO `games` (`id`, `name`, `created_at`) VALUES ('7', 'odit', '1993-03-12 07:30:04');
INSERT INTO `games` (`id`, `name`, `created_at`) VALUES ('8', 'voluptas', '1988-10-24 09:44:46');
INSERT INTO `games` (`id`, `name`, `created_at`) VALUES ('9', 'fugiat', '1970-08-04 07:55:42');
INSERT INTO `games` (`id`, `name`, `created_at`) VALUES ('10', 'nemo', '2005-12-15 07:44:08');
INSERT INTO `games` (`id`, `name`, `created_at`) VALUES ('11', 'molestias', '1995-09-04 10:19:48');
INSERT INTO `games` (`id`, `name`, `created_at`) VALUES ('12', 'quis', '1983-03-04 09:05:53');
INSERT INTO `games` (`id`, `name`, `created_at`) VALUES ('13', 'sint', '1981-03-06 15:00:18');
INSERT INTO `games` (`id`, `name`, `created_at`) VALUES ('14', 'quia', '1999-12-05 15:15:08');
INSERT INTO `games` (`id`, `name`, `created_at`) VALUES ('15', 'qui', '2004-11-18 08:32:47');
INSERT INTO `games` (`id`, `name`, `created_at`) VALUES ('16', 'totam', '2017-04-08 16:16:32');
INSERT INTO `games` (`id`, `name`, `created_at`) VALUES ('17', 'molestiae', '2020-03-02 06:05:45');
INSERT INTO `games` (`id`, `name`, `created_at`) VALUES ('18', 'est', '1996-07-31 03:48:41');
INSERT INTO `games` (`id`, `name`, `created_at`) VALUES ('19', 'reiciendis', '1999-11-07 00:53:33');
INSERT INTO `games` (`id`, `name`, `created_at`) VALUES ('20', 'labore', '2019-02-03 05:09:25');
INSERT INTO `games` (`id`, `name`, `created_at`) VALUES ('21', 'voluptatum', '1978-11-09 16:28:57');
INSERT INTO `games` (`id`, `name`, `created_at`) VALUES ('22', 'vel', '2009-12-16 18:41:12');
INSERT INTO `games` (`id`, `name`, `created_at`) VALUES ('23', 'ab', '1971-10-03 18:01:00');
INSERT INTO `games` (`id`, `name`, `created_at`) VALUES ('24', 'nostrum', '1986-11-23 00:01:40');
INSERT INTO `games` (`id`, `name`, `created_at`) VALUES ('25', 'a', '2014-11-06 01:00:12');
INSERT INTO `games` (`id`, `name`, `created_at`) VALUES ('26', 'similique', '2015-02-12 13:16:30');
INSERT INTO `games` (`id`, `name`, `created_at`) VALUES ('27', 'dicta', '2013-05-20 20:12:43');
INSERT INTO `games` (`id`, `name`, `created_at`) VALUES ('28', 'repellat', '1974-03-23 06:11:21');
INSERT INTO `games` (`id`, `name`, `created_at`) VALUES ('29', 'ut', '1997-07-31 04:11:06');
INSERT INTO `games` (`id`, `name`, `created_at`) VALUES ('30', 'non', '1992-08-09 17:59:29');
INSERT INTO `games` (`id`, `name`, `created_at`) VALUES ('31', 'numquam', '1994-06-26 09:48:57');
INSERT INTO `games` (`id`, `name`, `created_at`) VALUES ('32', 'ipsa', '1970-06-13 01:02:54');
INSERT INTO `games` (`id`, `name`, `created_at`) VALUES ('33', 'omnis', '2021-02-23 19:42:20');
INSERT INTO `games` (`id`, `name`, `created_at`) VALUES ('34', 'veniam', '1993-07-23 21:34:50');
INSERT INTO `games` (`id`, `name`, `created_at`) VALUES ('35', 'quae', '1995-05-25 14:38:17');
INSERT INTO `games` (`id`, `name`, `created_at`) VALUES ('36', 'hic', '2010-04-29 15:18:55');
INSERT INTO `games` (`id`, `name`, `created_at`) VALUES ('37', 'magnam', '1995-04-29 16:31:29');
INSERT INTO `games` (`id`, `name`, `created_at`) VALUES ('38', 'minus', '1981-01-06 05:17:26');
INSERT INTO `games` (`id`, `name`, `created_at`) VALUES ('39', 'odio', '1999-09-20 07:47:09');
INSERT INTO `games` (`id`, `name`, `created_at`) VALUES ('40', 'sunt', '1986-06-10 02:51:50');
INSERT INTO `games` (`id`, `name`, `created_at`) VALUES ('41', 'aliquid', '1972-09-05 07:57:56');
INSERT INTO `games` (`id`, `name`, `created_at`) VALUES ('42', 'eum', '1986-08-07 08:20:06');
INSERT INTO `games` (`id`, `name`, `created_at`) VALUES ('43', 'aut', '2014-09-09 12:44:18');
INSERT INTO `games` (`id`, `name`, `created_at`) VALUES ('44', 'pariatur', '1996-04-02 21:30:06');
INSERT INTO `games` (`id`, `name`, `created_at`) VALUES ('45', 'iste', '2020-01-17 15:08:39');
INSERT INTO `games` (`id`, `name`, `created_at`) VALUES ('46', 'vitae', '2012-03-23 18:40:29');
INSERT INTO `games` (`id`, `name`, `created_at`) VALUES ('47', 'ratione', '1994-08-18 02:27:56');
INSERT INTO `games` (`id`, `name`, `created_at`) VALUES ('48', 'voluptatibus', '2021-05-30 10:55:43');
INSERT INTO `games` (`id`, `name`, `created_at`) VALUES ('49', 'nulla', '1994-07-04 00:24:25');
INSERT INTO `games` (`id`, `name`, `created_at`) VALUES ('50', 'nam', '2003-01-14 20:13:02');
INSERT INTO `games` (`id`, `name`, `created_at`) VALUES ('51', 'error', '2018-01-30 13:31:21');
INSERT INTO `games` (`id`, `name`, `created_at`) VALUES ('52', 'esse', '1994-06-20 07:34:19');
INSERT INTO `games` (`id`, `name`, `created_at`) VALUES ('53', 'consequatur', '1975-05-04 23:41:21');
INSERT INTO `games` (`id`, `name`, `created_at`) VALUES ('54', 'ipsum', '2020-05-17 01:51:07');
INSERT INTO `games` (`id`, `name`, `created_at`) VALUES ('55', 'autem', '1976-11-30 22:12:05');
INSERT INTO `games` (`id`, `name`, `created_at`) VALUES ('56', 'aspernatur', '1998-11-23 16:24:24');
INSERT INTO `games` (`id`, `name`, `created_at`) VALUES ('57', 'dolorum', '1984-11-25 16:56:21');
INSERT INTO `games` (`id`, `name`, `created_at`) VALUES ('58', 'dolores', '1993-12-27 15:13:02');
INSERT INTO `games` (`id`, `name`, `created_at`) VALUES ('59', 'libero', '1987-03-18 19:20:39');
INSERT INTO `games` (`id`, `name`, `created_at`) VALUES ('60', 'enim', '1997-09-10 17:10:24');
INSERT INTO `games` (`id`, `name`, `created_at`) VALUES ('61', 'quaerat', '2003-11-22 05:25:55');
INSERT INTO `games` (`id`, `name`, `created_at`) VALUES ('62', 'suscipit', '2014-07-28 22:57:47');
INSERT INTO `games` (`id`, `name`, `created_at`) VALUES ('63', 'sed', '2005-11-14 11:34:05');
INSERT INTO `games` (`id`, `name`, `created_at`) VALUES ('64', 'eaque', '2016-05-16 18:58:36');
INSERT INTO `games` (`id`, `name`, `created_at`) VALUES ('65', 'optio', '1981-01-22 11:21:28');
INSERT INTO `games` (`id`, `name`, `created_at`) VALUES ('66', 'accusamus', '2015-08-10 23:44:02');
INSERT INTO `games` (`id`, `name`, `created_at`) VALUES ('67', 'provident', '2002-10-12 07:48:42');
INSERT INTO `games` (`id`, `name`, `created_at`) VALUES ('68', 'adipisci', '2012-07-22 08:01:49');
INSERT INTO `games` (`id`, `name`, `created_at`) VALUES ('69', 'harum', '1979-06-14 15:27:42');
INSERT INTO `games` (`id`, `name`, `created_at`) VALUES ('70', 'ullam', '1989-09-16 02:38:15');
INSERT INTO `games` (`id`, `name`, `created_at`) VALUES ('71', 'itaque', '2015-03-22 03:25:59');
INSERT INTO `games` (`id`, `name`, `created_at`) VALUES ('72', 'facere', '1992-01-03 01:38:58');
INSERT INTO `games` (`id`, `name`, `created_at`) VALUES ('73', 'sit', '1993-11-14 00:40:03');
INSERT INTO `games` (`id`, `name`, `created_at`) VALUES ('74', 'ducimus', '1991-01-21 22:20:35');
INSERT INTO `games` (`id`, `name`, `created_at`) VALUES ('75', 'ipsam', '1988-03-28 01:59:42');
INSERT INTO `games` (`id`, `name`, `created_at`) VALUES ('76', 'soluta', '2011-11-06 23:13:44');
INSERT INTO `games` (`id`, `name`, `created_at`) VALUES ('77', 'nisi', '2012-05-21 21:25:45');
INSERT INTO `games` (`id`, `name`, `created_at`) VALUES ('78', 'dolor', '1989-03-10 06:23:10');
INSERT INTO `games` (`id`, `name`, `created_at`) VALUES ('79', 'quo', '2005-05-02 22:35:06');
INSERT INTO `games` (`id`, `name`, `created_at`) VALUES ('80', 'natus', '1982-01-21 13:58:10');
INSERT INTO `games` (`id`, `name`, `created_at`) VALUES ('81', 'id', '1998-12-01 14:23:18');
INSERT INTO `games` (`id`, `name`, `created_at`) VALUES ('82', 'architecto', '1981-11-15 18:12:23');
INSERT INTO `games` (`id`, `name`, `created_at`) VALUES ('83', 'sapiente', '2000-07-07 04:34:36');
INSERT INTO `games` (`id`, `name`, `created_at`) VALUES ('84', 'laboriosam', '2020-07-27 04:03:54');
INSERT INTO `games` (`id`, `name`, `created_at`) VALUES ('85', 'assumenda', '2010-01-26 18:53:02');
INSERT INTO `games` (`id`, `name`, `created_at`) VALUES ('86', 'quibusdam', '1978-08-26 06:26:19');
INSERT INTO `games` (`id`, `name`, `created_at`) VALUES ('87', 'commodi', '2018-01-29 20:25:21');
INSERT INTO `games` (`id`, `name`, `created_at`) VALUES ('88', 'doloremque', '1981-04-23 23:20:12');
INSERT INTO `games` (`id`, `name`, `created_at`) VALUES ('89', 'rerum', '1976-06-29 04:12:31');
INSERT INTO `games` (`id`, `name`, `created_at`) VALUES ('90', 'culpa', '2011-05-12 20:57:39');
INSERT INTO `games` (`id`, `name`, `created_at`) VALUES ('91', 'iusto', '1989-08-06 15:17:32');
INSERT INTO `games` (`id`, `name`, `created_at`) VALUES ('92', 'nihil', '1976-08-20 11:44:01');
INSERT INTO `games` (`id`, `name`, `created_at`) VALUES ('93', 'minima', '2011-12-18 18:17:18');
INSERT INTO `games` (`id`, `name`, `created_at`) VALUES ('94', 'vero', '2006-02-13 15:26:46');
INSERT INTO `games` (`id`, `name`, `created_at`) VALUES ('95', 'quidem', '2011-10-26 01:07:00');
INSERT INTO `games` (`id`, `name`, `created_at`) VALUES ('96', 'repudiandae', '1974-01-16 08:06:33');
INSERT INTO `games` (`id`, `name`, `created_at`) VALUES ('97', 'officia', '2015-02-03 21:35:16');
INSERT INTO `games` (`id`, `name`, `created_at`) VALUES ('98', 'deleniti', '1992-10-08 15:29:44');
INSERT INTO `games` (`id`, `name`, `created_at`) VALUES ('99', 'distinctio', '1975-12-09 04:53:58');
INSERT INTO `games` (`id`, `name`, `created_at`) VALUES ('100', 'facilis', '1992-10-09 09:11:42');





#
# TABLE STRUCTURE FOR: devices
#

DROP TABLE IF EXISTS `devices`;

CREATE TABLE `devices` (
  `id` bigint(20) unsigned NOT NULL AUTO_INCREMENT,
  `user_id` bigint(20) unsigned NOT NULL,
  `type` enum('tablet','mobilphone','computer') COLLATE utf8mb4_unicode_ci DEFAULT NULL,
  `model_id` bigint(20) unsigned NOT NULL,
  PRIMARY KEY (`id`),
  KEY `model_id` (`model_id`),
  KEY `user_id` (`user_id`),
  CONSTRAINT `devices_ibfk_1` FOREIGN KEY (`model_id`) REFERENCES `models_device` (`id`),
  CONSTRAINT `devices_ibfk_2` FOREIGN KEY (`user_id`) REFERENCES `users` (`id`)
) ENGINE=InnoDB AUTO_INCREMENT=101 DEFAULT CHARSET=utf8mb4 COLLATE=utf8mb4_unicode_ci;

INSERT INTO `devices` (`id`, `user_id`, `type`, `model_id`) VALUES ('1', '1001', 'computer', '1');
INSERT INTO `devices` (`id`, `user_id`, `type`, `model_id`) VALUES ('2', '1002', 'computer', '2');
INSERT INTO `devices` (`id`, `user_id`, `type`, `model_id`) VALUES ('3', '1003', 'computer', '3');
INSERT INTO `devices` (`id`, `user_id`, `type`, `model_id`) VALUES ('4', '1005', 'tablet', '4');
INSERT INTO `devices` (`id`, `user_id`, `type`, `model_id`) VALUES ('5', '1006', 'mobilphone', '5');
INSERT INTO `devices` (`id`, `user_id`, `type`, `model_id`) VALUES ('6', '1007', 'tablet', '6');
INSERT INTO `devices` (`id`, `user_id`, `type`, `model_id`) VALUES ('7', '1009', 'computer', '7');
INSERT INTO `devices` (`id`, `user_id`, `type`, `model_id`) VALUES ('8', '1011', 'tablet', '8');
INSERT INTO `devices` (`id`, `user_id`, `type`, `model_id`) VALUES ('9', '1016', 'tablet', '9');
INSERT INTO `devices` (`id`, `user_id`, `type`, `model_id`) VALUES ('10', '1017', 'mobilphone', '10');
INSERT INTO `devices` (`id`, `user_id`, `type`, `model_id`) VALUES ('11', '1018', 'mobilphone', '11');
INSERT INTO `devices` (`id`, `user_id`, `type`, `model_id`) VALUES ('12', '1021', 'tablet', '12');
INSERT INTO `devices` (`id`, `user_id`, `type`, `model_id`) VALUES ('13', '1022', 'mobilphone', '13');
INSERT INTO `devices` (`id`, `user_id`, `type`, `model_id`) VALUES ('14', '1023', 'tablet', '14');
INSERT INTO `devices` (`id`, `user_id`, `type`, `model_id`) VALUES ('15', '1024', 'mobilphone', '15');
INSERT INTO `devices` (`id`, `user_id`, `type`, `model_id`) VALUES ('16', '1026', 'mobilphone', '16');
INSERT INTO `devices` (`id`, `user_id`, `type`, `model_id`) VALUES ('17', '1027', 'computer', '17');
INSERT INTO `devices` (`id`, `user_id`, `type`, `model_id`) VALUES ('18', '1034', 'computer', '18');
INSERT INTO `devices` (`id`, `user_id`, `type`, `model_id`) VALUES ('19', '1036', 'computer', '19');
INSERT INTO `devices` (`id`, `user_id`, `type`, `model_id`) VALUES ('20', '1037', 'computer', '20');
INSERT INTO `devices` (`id`, `user_id`, `type`, `model_id`) VALUES ('21', '1038', 'computer', '21');
INSERT INTO `devices` (`id`, `user_id`, `type`, `model_id`) VALUES ('22', '1039', 'tablet', '22');
INSERT INTO `devices` (`id`, `user_id`, `type`, `model_id`) VALUES ('23', '1041', 'mobilphone', '23');
INSERT INTO `devices` (`id`, `user_id`, `type`, `model_id`) VALUES ('24', '1043', 'computer', '24');
INSERT INTO `devices` (`id`, `user_id`, `type`, `model_id`) VALUES ('25', '1044', 'tablet', '25');
INSERT INTO `devices` (`id`, `user_id`, `type`, `model_id`) VALUES ('26', '1046', 'computer', '26');
INSERT INTO `devices` (`id`, `user_id`, `type`, `model_id`) VALUES ('27', '1048', 'computer', '27');
INSERT INTO `devices` (`id`, `user_id`, `type`, `model_id`) VALUES ('28', '1051', 'computer', '28');
INSERT INTO `devices` (`id`, `user_id`, `type`, `model_id`) VALUES ('29', '1054', 'mobilphone', '29');
INSERT INTO `devices` (`id`, `user_id`, `type`, `model_id`) VALUES ('30', '1056', 'computer', '30');
INSERT INTO `devices` (`id`, `user_id`, `type`, `model_id`) VALUES ('31', '1057', 'tablet', '31');
INSERT INTO `devices` (`id`, `user_id`, `type`, `model_id`) VALUES ('32', '1060', 'computer', '32');
INSERT INTO `devices` (`id`, `user_id`, `type`, `model_id`) VALUES ('33', '1061', 'computer', '33');
INSERT INTO `devices` (`id`, `user_id`, `type`, `model_id`) VALUES ('34', '1062', 'mobilphone', '34');
INSERT INTO `devices` (`id`, `user_id`, `type`, `model_id`) VALUES ('35', '1064', 'mobilphone', '35');
INSERT INTO `devices` (`id`, `user_id`, `type`, `model_id`) VALUES ('36', '1065', 'mobilphone', '36');
INSERT INTO `devices` (`id`, `user_id`, `type`, `model_id`) VALUES ('37', '1066', 'computer', '37');
INSERT INTO `devices` (`id`, `user_id`, `type`, `model_id`) VALUES ('38', '1067', 'tablet', '38');
INSERT INTO `devices` (`id`, `user_id`, `type`, `model_id`) VALUES ('39', '1068', 'mobilphone', '39');
INSERT INTO `devices` (`id`, `user_id`, `type`, `model_id`) VALUES ('40', '1069', 'mobilphone', '40');
INSERT INTO `devices` (`id`, `user_id`, `type`, `model_id`) VALUES ('41', '1072', 'tablet', '41');
INSERT INTO `devices` (`id`, `user_id`, `type`, `model_id`) VALUES ('42', '1073', 'computer', '42');
INSERT INTO `devices` (`id`, `user_id`, `type`, `model_id`) VALUES ('43', '1074', 'tablet', '43');
INSERT INTO `devices` (`id`, `user_id`, `type`, `model_id`) VALUES ('44', '1076', 'mobilphone', '44');
INSERT INTO `devices` (`id`, `user_id`, `type`, `model_id`) VALUES ('45', '1079', 'tablet', '45');
INSERT INTO `devices` (`id`, `user_id`, `type`, `model_id`) VALUES ('46', '1080', 'computer', '46');
INSERT INTO `devices` (`id`, `user_id`, `type`, `model_id`) VALUES ('47', '1081', 'tablet', '47');
INSERT INTO `devices` (`id`, `user_id`, `type`, `model_id`) VALUES ('48', '1083', 'computer', '48');
INSERT INTO `devices` (`id`, `user_id`, `type`, `model_id`) VALUES ('49', '1084', 'mobilphone', '49');
INSERT INTO `devices` (`id`, `user_id`, `type`, `model_id`) VALUES ('50', '1086', 'computer', '50');
INSERT INTO `devices` (`id`, `user_id`, `type`, `model_id`) VALUES ('51', '1087', 'mobilphone', '51');
INSERT INTO `devices` (`id`, `user_id`, `type`, `model_id`) VALUES ('52', '1088', 'mobilphone', '52');
INSERT INTO `devices` (`id`, `user_id`, `type`, `model_id`) VALUES ('53', '1095', 'tablet', '53');
INSERT INTO `devices` (`id`, `user_id`, `type`, `model_id`) VALUES ('54', '1097', 'computer', '54');
INSERT INTO `devices` (`id`, `user_id`, `type`, `model_id`) VALUES ('55', '1098', 'mobilphone', '55');
INSERT INTO `devices` (`id`, `user_id`, `type`, `model_id`) VALUES ('56', '1099', 'mobilphone', '56');
INSERT INTO `devices` (`id`, `user_id`, `type`, `model_id`) VALUES ('57', '1101', 'mobilphone', '57');
INSERT INTO `devices` (`id`, `user_id`, `type`, `model_id`) VALUES ('58', '1103', 'tablet', '58');
INSERT INTO `devices` (`id`, `user_id`, `type`, `model_id`) VALUES ('59', '1104', 'computer', '59');
INSERT INTO `devices` (`id`, `user_id`, `type`, `model_id`) VALUES ('60', '1105', 'tablet', '60');
INSERT INTO `devices` (`id`, `user_id`, `type`, `model_id`) VALUES ('61', '1110', 'mobilphone', '61');
INSERT INTO `devices` (`id`, `user_id`, `type`, `model_id`) VALUES ('62', '1111', 'tablet', '62');
INSERT INTO `devices` (`id`, `user_id`, `type`, `model_id`) VALUES ('63', '1113', 'computer', '63');
INSERT INTO `devices` (`id`, `user_id`, `type`, `model_id`) VALUES ('64', '1114', 'mobilphone', '64');
INSERT INTO `devices` (`id`, `user_id`, `type`, `model_id`) VALUES ('65', '1115', 'tablet', '65');
INSERT INTO `devices` (`id`, `user_id`, `type`, `model_id`) VALUES ('66', '1116', 'tablet', '66');
INSERT INTO `devices` (`id`, `user_id`, `type`, `model_id`) VALUES ('67', '1119', 'tablet', '67');
INSERT INTO `devices` (`id`, `user_id`, `type`, `model_id`) VALUES ('68', '1121', 'tablet', '68');
INSERT INTO `devices` (`id`, `user_id`, `type`, `model_id`) VALUES ('69', '1123', 'computer', '69');
INSERT INTO `devices` (`id`, `user_id`, `type`, `model_id`) VALUES ('70', '1125', 'tablet', '70');
INSERT INTO `devices` (`id`, `user_id`, `type`, `model_id`) VALUES ('71', '1127', 'computer', '71');
INSERT INTO `devices` (`id`, `user_id`, `type`, `model_id`) VALUES ('72', '1128', 'mobilphone', '72');
INSERT INTO `devices` (`id`, `user_id`, `type`, `model_id`) VALUES ('73', '1129', 'computer', '73');
INSERT INTO `devices` (`id`, `user_id`, `type`, `model_id`) VALUES ('74', '1130', 'mobilphone', '74');
INSERT INTO `devices` (`id`, `user_id`, `type`, `model_id`) VALUES ('75', '1131', 'computer', '75');
INSERT INTO `devices` (`id`, `user_id`, `type`, `model_id`) VALUES ('76', '1132', 'tablet', '76');
INSERT INTO `devices` (`id`, `user_id`, `type`, `model_id`) VALUES ('77', '1133', 'computer', '77');
INSERT INTO `devices` (`id`, `user_id`, `type`, `model_id`) VALUES ('78', '1134', 'computer', '78');
INSERT INTO `devices` (`id`, `user_id`, `type`, `model_id`) VALUES ('79', '1137', 'tablet', '79');
INSERT INTO `devices` (`id`, `user_id`, `type`, `model_id`) VALUES ('80', '1138', 'tablet', '80');
INSERT INTO `devices` (`id`, `user_id`, `type`, `model_id`) VALUES ('81', '1140', 'mobilphone', '81');
INSERT INTO `devices` (`id`, `user_id`, `type`, `model_id`) VALUES ('82', '1141', 'tablet', '82');
INSERT INTO `devices` (`id`, `user_id`, `type`, `model_id`) VALUES ('83', '1143', 'computer', '83');
INSERT INTO `devices` (`id`, `user_id`, `type`, `model_id`) VALUES ('84', '1147', 'mobilphone', '84');
INSERT INTO `devices` (`id`, `user_id`, `type`, `model_id`) VALUES ('85', '1148', 'tablet', '85');
INSERT INTO `devices` (`id`, `user_id`, `type`, `model_id`) VALUES ('86', '1149', 'computer', '86');
INSERT INTO `devices` (`id`, `user_id`, `type`, `model_id`) VALUES ('87', '1150', 'mobilphone', '87');
INSERT INTO `devices` (`id`, `user_id`, `type`, `model_id`) VALUES ('88', '1151', 'tablet', '88');
INSERT INTO `devices` (`id`, `user_id`, `type`, `model_id`) VALUES ('89', '1153', 'tablet', '89');
INSERT INTO `devices` (`id`, `user_id`, `type`, `model_id`) VALUES ('90', '1154', 'mobilphone', '90');
INSERT INTO `devices` (`id`, `user_id`, `type`, `model_id`) VALUES ('91', '1157', 'computer', '91');
INSERT INTO `devices` (`id`, `user_id`, `type`, `model_id`) VALUES ('92', '1158', 'tablet', '92');
INSERT INTO `devices` (`id`, `user_id`, `type`, `model_id`) VALUES ('93', '1160', 'tablet', '93');
INSERT INTO `devices` (`id`, `user_id`, `type`, `model_id`) VALUES ('94', '1163', 'tablet', '94');
INSERT INTO `devices` (`id`, `user_id`, `type`, `model_id`) VALUES ('95', '1164', 'mobilphone', '95');
INSERT INTO `devices` (`id`, `user_id`, `type`, `model_id`) VALUES ('96', '1165', 'computer', '96');
INSERT INTO `devices` (`id`, `user_id`, `type`, `model_id`) VALUES ('97', '1166', 'mobilphone', '97');
INSERT INTO `devices` (`id`, `user_id`, `type`, `model_id`) VALUES ('98', '1167', 'mobilphone', '98');
INSERT INTO `devices` (`id`, `user_id`, `type`, `model_id`) VALUES ('99', '1168', 'tablet', '99');
INSERT INTO `devices` (`id`, `user_id`, `type`, `model_id`) VALUES ('100', '1169', 'computer', '100');

#
# TABLE STRUCTURE FOR: manufactures_device
#

DROP TABLE IF EXISTS `manufactures_device`;

CREATE TABLE `manufactures_device` (
  `id` bigint(20) unsigned NOT NULL AUTO_INCREMENT,
  `name` varchar(255) COLLATE utf8mb4_unicode_ci DEFAULT NULL,
  PRIMARY KEY (`id`),
  UNIQUE KEY `name` (`name`)
) ENGINE=InnoDB AUTO_INCREMENT=101 DEFAULT CHARSET=utf8mb4 COLLATE=utf8mb4_unicode_ci;

INSERT INTO `manufactures_device` (`id`, `name`) VALUES ('19', 'accusamus');
INSERT INTO `manufactures_device` (`id`, `name`) VALUES ('49', 'accusantium');
INSERT INTO `manufactures_device` (`id`, `name`) VALUES ('76', 'adipisci');
INSERT INTO `manufactures_device` (`id`, `name`) VALUES ('9', 'alias');
INSERT INTO `manufactures_device` (`id`, `name`) VALUES ('58', 'aliquam');
INSERT INTO `manufactures_device` (`id`, `name`) VALUES ('47', 'amet');
INSERT INTO `manufactures_device` (`id`, `name`) VALUES ('82', 'animi');
INSERT INTO `manufactures_device` (`id`, `name`) VALUES ('78', 'aperiam');
INSERT INTO `manufactures_device` (`id`, `name`) VALUES ('44', 'aspernatur');
INSERT INTO `manufactures_device` (`id`, `name`) VALUES ('85', 'assumenda');
INSERT INTO `manufactures_device` (`id`, `name`) VALUES ('80', 'at');
INSERT INTO `manufactures_device` (`id`, `name`) VALUES ('20', 'aut');
INSERT INTO `manufactures_device` (`id`, `name`) VALUES ('38', 'autem');
INSERT INTO `manufactures_device` (`id`, `name`) VALUES ('95', 'consequatur');
INSERT INTO `manufactures_device` (`id`, `name`) VALUES ('29', 'consequuntur');
INSERT INTO `manufactures_device` (`id`, `name`) VALUES ('6', 'corporis');
INSERT INTO `manufactures_device` (`id`, `name`) VALUES ('11', 'corrupti');
INSERT INTO `manufactures_device` (`id`, `name`) VALUES ('98', 'culpa');
INSERT INTO `manufactures_device` (`id`, `name`) VALUES ('39', 'cupiditate');
INSERT INTO `manufactures_device` (`id`, `name`) VALUES ('56', 'deserunt');
INSERT INTO `manufactures_device` (`id`, `name`) VALUES ('1', 'dignissimos');
INSERT INTO `manufactures_device` (`id`, `name`) VALUES ('55', 'dolor');
INSERT INTO `manufactures_device` (`id`, `name`) VALUES ('89', 'dolore');
INSERT INTO `manufactures_device` (`id`, `name`) VALUES ('72', 'dolorem');
INSERT INTO `manufactures_device` (`id`, `name`) VALUES ('53', 'dolores');
INSERT INTO `manufactures_device` (`id`, `name`) VALUES ('15', 'doloribus');
INSERT INTO `manufactures_device` (`id`, `name`) VALUES ('66', 'dolorum');
INSERT INTO `manufactures_device` (`id`, `name`) VALUES ('32', 'ducimus');
INSERT INTO `manufactures_device` (`id`, `name`) VALUES ('88', 'ea');
INSERT INTO `manufactures_device` (`id`, `name`) VALUES ('24', 'earum');
INSERT INTO `manufactures_device` (`id`, `name`) VALUES ('50', 'eligendi');
INSERT INTO `manufactures_device` (`id`, `name`) VALUES ('48', 'enim');
INSERT INTO `manufactures_device` (`id`, `name`) VALUES ('93', 'eos');
INSERT INTO `manufactures_device` (`id`, `name`) VALUES ('51', 'esse');
INSERT INTO `manufactures_device` (`id`, `name`) VALUES ('26', 'est');
INSERT INTO `manufactures_device` (`id`, `name`) VALUES ('42', 'et');
INSERT INTO `manufactures_device` (`id`, `name`) VALUES ('57', 'eum');
INSERT INTO `manufactures_device` (`id`, `name`) VALUES ('92', 'eveniet');
INSERT INTO `manufactures_device` (`id`, `name`) VALUES ('43', 'excepturi');
INSERT INTO `manufactures_device` (`id`, `name`) VALUES ('10', 'expedita');
INSERT INTO `manufactures_device` (`id`, `name`) VALUES ('64', 'facere');
INSERT INTO `manufactures_device` (`id`, `name`) VALUES ('35', 'fugit');
INSERT INTO `manufactures_device` (`id`, `name`) VALUES ('34', 'id');
INSERT INTO `manufactures_device` (`id`, `name`) VALUES ('73', 'impedit');
INSERT INTO `manufactures_device` (`id`, `name`) VALUES ('12', 'in');
INSERT INTO `manufactures_device` (`id`, `name`) VALUES ('63', 'incidunt');
INSERT INTO `manufactures_device` (`id`, `name`) VALUES ('36', 'iure');
INSERT INTO `manufactures_device` (`id`, `name`) VALUES ('30', 'labore');
INSERT INTO `manufactures_device` (`id`, `name`) VALUES ('69', 'laudantium');
INSERT INTO `manufactures_device` (`id`, `name`) VALUES ('94', 'magnam');
INSERT INTO `manufactures_device` (`id`, `name`) VALUES ('67', 'maiores');
INSERT INTO `manufactures_device` (`id`, `name`) VALUES ('96', 'minima');
INSERT INTO `manufactures_device` (`id`, `name`) VALUES ('18', 'mollitia');
INSERT INTO `manufactures_device` (`id`, `name`) VALUES ('41', 'natus');
INSERT INTO `manufactures_device` (`id`, `name`) VALUES ('25', 'neque');
INSERT INTO `manufactures_device` (`id`, `name`) VALUES ('70', 'nihil');
INSERT INTO `manufactures_device` (`id`, `name`) VALUES ('99', 'nisi');
INSERT INTO `manufactures_device` (`id`, `name`) VALUES ('28', 'non');
INSERT INTO `manufactures_device` (`id`, `name`) VALUES ('83', 'nostrum');
INSERT INTO `manufactures_device` (`id`, `name`) VALUES ('16', 'nulla');
INSERT INTO `manufactures_device` (`id`, `name`) VALUES ('52', 'numquam');
INSERT INTO `manufactures_device` (`id`, `name`) VALUES ('81', 'odit');
INSERT INTO `manufactures_device` (`id`, `name`) VALUES ('100', 'officia');
INSERT INTO `manufactures_device` (`id`, `name`) VALUES ('37', 'pariatur');
INSERT INTO `manufactures_device` (`id`, `name`) VALUES ('84', 'perspiciatis');
INSERT INTO `manufactures_device` (`id`, `name`) VALUES ('68', 'placeat');
INSERT INTO `manufactures_device` (`id`, `name`) VALUES ('91', 'possimus');
INSERT INTO `manufactures_device` (`id`, `name`) VALUES ('27', 'qui');
INSERT INTO `manufactures_device` (`id`, `name`) VALUES ('59', 'quia');
INSERT INTO `manufactures_device` (`id`, `name`) VALUES ('79', 'quibusdam');
INSERT INTO `manufactures_device` (`id`, `name`) VALUES ('14', 'quisquam');
INSERT INTO `manufactures_device` (`id`, `name`) VALUES ('13', 'quo');
INSERT INTO `manufactures_device` (`id`, `name`) VALUES ('90', 'recusandae');
INSERT INTO `manufactures_device` (`id`, `name`) VALUES ('87', 'reiciendis');
INSERT INTO `manufactures_device` (`id`, `name`) VALUES ('5', 'rem');
INSERT INTO `manufactures_device` (`id`, `name`) VALUES ('2', 'rerum');
INSERT INTO `manufactures_device` (`id`, `name`) VALUES ('97', 'sapiente');
INSERT INTO `manufactures_device` (`id`, `name`) VALUES ('8', 'sed');
INSERT INTO `manufactures_device` (`id`, `name`) VALUES ('60', 'sequi');
INSERT INTO `manufactures_device` (`id`, `name`) VALUES ('75', 'similique');
INSERT INTO `manufactures_device` (`id`, `name`) VALUES ('86', 'sint');
INSERT INTO `manufactures_device` (`id`, `name`) VALUES ('61', 'sit');
INSERT INTO `manufactures_device` (`id`, `name`) VALUES ('74', 'soluta');
INSERT INTO `manufactures_device` (`id`, `name`) VALUES ('23', 'sunt');
INSERT INTO `manufactures_device` (`id`, `name`) VALUES ('3', 'tempora');
INSERT INTO `manufactures_device` (`id`, `name`) VALUES ('62', 'tempore');
INSERT INTO `manufactures_device` (`id`, `name`) VALUES ('40', 'totam');
INSERT INTO `manufactures_device` (`id`, `name`) VALUES ('17', 'unde');
INSERT INTO `manufactures_device` (`id`, `name`) VALUES ('7', 'ut');
INSERT INTO `manufactures_device` (`id`, `name`) VALUES ('31', 'vel');
INSERT INTO `manufactures_device` (`id`, `name`) VALUES ('4', 'velit');
INSERT INTO `manufactures_device` (`id`, `name`) VALUES ('65', 'veritatis');
INSERT INTO `manufactures_device` (`id`, `name`) VALUES ('71', 'vero');
INSERT INTO `manufactures_device` (`id`, `name`) VALUES ('54', 'vitae');
INSERT INTO `manufactures_device` (`id`, `name`) VALUES ('45', 'voluptas');
INSERT INTO `manufactures_device` (`id`, `name`) VALUES ('22', 'voluptate');
INSERT INTO `manufactures_device` (`id`, `name`) VALUES ('21', 'voluptatem');
INSERT INTO `manufactures_device` (`id`, `name`) VALUES ('33', 'voluptates');
INSERT INTO `manufactures_device` (`id`, `name`) VALUES ('77', 'voluptatibus');
INSERT INTO `manufactures_device` (`id`, `name`) VALUES ('46', 'voluptatum');

#
# TABLE STRUCTURE FOR: media_types
#

DROP TABLE IF EXISTS `media_types`;

CREATE TABLE `media_types` (
  `name` varchar(255) COLLATE utf8mb4_unicode_ci NOT NULL,
  `created_at` datetime DEFAULT current_timestamp(),
  `updated_at` datetime DEFAULT NULL ON UPDATE current_timestamp(),
  PRIMARY KEY (`name`)
) ENGINE=InnoDB DEFAULT CHARSET=utf8mb4 COLLATE=utf8mb4_unicode_ci;

INSERT INTO `media_types` (`name`, `created_at`, `updated_at`) VALUES ('aut', '1993-01-16 10:38:27', '2005-12-04 12:21:37');
INSERT INTO `media_types` (`name`, `created_at`, `updated_at`) VALUES ('est', '2004-04-05 13:39:02', '1981-09-05 21:06:01');
INSERT INTO `media_types` (`name`, `created_at`, `updated_at`) VALUES ('facilis', '2015-02-03 16:15:37', '1983-04-28 16:28:27');
INSERT INTO `media_types` (`name`, `created_at`, `updated_at`) VALUES ('fuga', '2004-01-18 11:30:31', '1998-11-16 21:36:51');
INSERT INTO `media_types` (`name`, `created_at`, `updated_at`) VALUES ('iure', '1980-04-01 19:47:46', '1985-05-26 22:34:01');
INSERT INTO `media_types` (`name`, `created_at`, `updated_at`) VALUES ('iusto', '2015-07-31 19:49:15', '1992-03-26 18:40:49');
INSERT INTO `media_types` (`name`, `created_at`, `updated_at`) VALUES ('officia', '2014-09-14 23:10:23', '2019-04-14 11:02:47');
INSERT INTO `media_types` (`name`, `created_at`, `updated_at`) VALUES ('omnis', '1997-04-09 14:16:27', '1998-04-25 07:13:09');
INSERT INTO `media_types` (`name`, `created_at`, `updated_at`) VALUES ('quasi', '1987-02-03 22:09:12', '1977-04-23 15:21:51');
INSERT INTO `media_types` (`name`, `created_at`, `updated_at`) VALUES ('ut', '1976-07-26 07:52:56', '1990-12-12 18:43:42');

#
# TABLE STRUCTURE FOR: media
#

DROP TABLE IF EXISTS `media`;

CREATE TABLE `media` (
  `id` bigint(20) unsigned NOT NULL AUTO_INCREMENT,
  `media_type` varchar(255) COLLATE utf8mb4_unicode_ci NOT NULL,
  `user_id` bigint(20) unsigned NOT NULL,
  `body` text COLLATE utf8mb4_unicode_ci DEFAULT NULL,
  `filename` varchar(255) COLLATE utf8mb4_unicode_ci DEFAULT NULL,
  `size` int(11) DEFAULT NULL,
  `metadata` longtext CHARACTER SET utf8mb4 COLLATE utf8mb4_bin DEFAULT NULL CHECK (json_valid(`metadata`)),
  `created_at` datetime DEFAULT current_timestamp(),
  `updated_at` datetime DEFAULT NULL ON UPDATE current_timestamp(),
  UNIQUE KEY `id` (`id`),
  KEY `user_id` (`user_id`),
  KEY `media_type` (`media_type`),
  CONSTRAINT `media_ibfk_1` FOREIGN KEY (`user_id`) REFERENCES `users` (`id`),
  CONSTRAINT `media_ibfk_2` FOREIGN KEY (`media_type`) REFERENCES `media_types` (`name`)
) ENGINE=InnoDB AUTO_INCREMENT=51 DEFAULT CHARSET=utf8mb4 COLLATE=utf8mb4_unicode_ci;

INSERT INTO `media` (`id`, `media_type`, `user_id`, `body`, `filename`, `size`, `metadata`, `created_at`, `updated_at`) VALUES ('1', 'aut', '1001', 'Id voluptatem sit ducimus velit ullam. Voluptatum iste occaecati voluptas repellendus quam itaque. Distinctio debitis id et totam.', 'soluta', 4793888, NULL, '1976-09-26 21:36:43', '2010-06-24 21:19:53');
INSERT INTO `media` (`id`, `media_type`, `user_id`, `body`, `filename`, `size`, `metadata`, `created_at`, `updated_at`) VALUES ('2', 'est', '1002', 'Molestias qui ut aut veritatis. Temporibus dolorem quia reprehenderit voluptates quam omnis dolores. Ut laboriosam rerum laborum omnis nihil.', 'sed', 370, NULL, '1976-08-07 02:17:03', '1990-06-29 19:07:51');
INSERT INTO `media` (`id`, `media_type`, `user_id`, `body`, `filename`, `size`, `metadata`, `created_at`, `updated_at`) VALUES ('3', 'facilis', '1003', 'Esse accusamus ut soluta quis. Aspernatur velit quaerat eveniet. Deserunt consequuntur itaque est quas optio adipisci enim.', 'consequuntur', 929, NULL, '2007-08-25 16:52:40', '2019-09-21 05:08:04');
INSERT INTO `media` (`id`, `media_type`, `user_id`, `body`, `filename`, `size`, `metadata`, `created_at`, `updated_at`) VALUES ('4', 'fuga', '1005', 'Doloremque pariatur accusamus ipsum officia. Alias porro vel dolores et. Adipisci commodi molestiae iusto ut. Nam soluta nostrum harum nemo sed.', 'ut', 0, NULL, '2012-12-13 08:03:10', '2021-04-03 03:55:56');
INSERT INTO `media` (`id`, `media_type`, `user_id`, `body`, `filename`, `size`, `metadata`, `created_at`, `updated_at`) VALUES ('5', 'iure', '1006', 'Minus facilis quo facere dolorem. Quam aspernatur non eligendi sed et impedit nisi. Fugit id et iure aut doloremque omnis.', 'et', 9639607, NULL, '1995-12-31 11:22:42', '2006-01-14 21:49:42');
INSERT INTO `media` (`id`, `media_type`, `user_id`, `body`, `filename`, `size`, `metadata`, `created_at`, `updated_at`) VALUES ('6', 'iusto', '1007', 'Fuga totam asperiores dolorum odit ratione maiores. Blanditiis facere soluta voluptas. Rerum blanditiis possimus dignissimos officiis quia maxime aperiam. Ab ratione eum sed excepturi sit.', 'laboriosam', 4061, NULL, '1973-03-09 23:20:01', '2006-07-19 23:34:17');
INSERT INTO `media` (`id`, `media_type`, `user_id`, `body`, `filename`, `size`, `metadata`, `created_at`, `updated_at`) VALUES ('7', 'officia', '1009', 'Excepturi at id qui iste molestiae. Molestias sint voluptatem sed aut nulla. Et non voluptate molestias et et mollitia. Et eos aut voluptatem error. Laboriosam corporis consequatur corporis doloribus et aut praesentium consequatur.', 'mollitia', 88, NULL, '2006-10-07 03:01:01', '1987-04-18 15:15:03');
INSERT INTO `media` (`id`, `media_type`, `user_id`, `body`, `filename`, `size`, `metadata`, `created_at`, `updated_at`) VALUES ('8', 'omnis', '1011', 'Ut sapiente et cum quos itaque. Similique aut enim saepe eum. Et sunt ut delectus.', 'in', 3965, NULL, '1979-10-22 08:17:54', '1978-01-21 20:53:13');
INSERT INTO `media` (`id`, `media_type`, `user_id`, `body`, `filename`, `size`, `metadata`, `created_at`, `updated_at`) VALUES ('9', 'quasi', '1016', 'Voluptate voluptatem sint sequi aut tempora. Atque ratione reiciendis quos aut blanditiis soluta vero. Perspiciatis voluptatum iste eveniet enim occaecati sint maxime.', 'perferendis', 2589, NULL, '2010-11-07 10:13:06', '1991-06-22 00:56:36');
INSERT INTO `media` (`id`, `media_type`, `user_id`, `body`, `filename`, `size`, `metadata`, `created_at`, `updated_at`) VALUES ('10', 'ut', '1017', 'Culpa similique quia mollitia quos sunt quasi nemo. Quasi dolor quidem sunt blanditiis. Quaerat explicabo et mollitia laboriosam voluptas dolores necessitatibus.', 'voluptatibus', 540194, NULL, '2019-12-28 09:57:11', '2001-07-12 07:59:39');
INSERT INTO `media` (`id`, `media_type`, `user_id`, `body`, `filename`, `size`, `metadata`, `created_at`, `updated_at`) VALUES ('11', 'aut', '1018', 'Explicabo omnis odit exercitationem fugit quia magni. Explicabo optio aut dolores et et rem doloribus. Culpa quasi ut dolores est dolorum consequuntur accusantium. Iusto doloribus explicabo numquam voluptatem facilis facere laborum tenetur.', 'dignissimos', 2, NULL, '1996-02-05 05:20:29', '1970-02-27 01:45:52');
INSERT INTO `media` (`id`, `media_type`, `user_id`, `body`, `filename`, `size`, `metadata`, `created_at`, `updated_at`) VALUES ('12', 'est', '1021', 'Non voluptas quae voluptatem sunt dolores. Sed aut eveniet quas qui accusamus sed. Ea architecto modi distinctio.', 'doloremque', 716, NULL, '1988-09-05 20:48:08', '2009-02-12 22:50:07');
INSERT INTO `media` (`id`, `media_type`, `user_id`, `body`, `filename`, `size`, `metadata`, `created_at`, `updated_at`) VALUES ('13', 'facilis', '1022', 'Sequi ipsum nobis nostrum voluptas eum placeat. Quo ut deserunt voluptate laudantium. Et in sed consequatur voluptatum molestias mollitia in.', 'commodi', 1105, NULL, '2019-10-15 10:51:49', '2015-03-18 15:43:00');
INSERT INTO `media` (`id`, `media_type`, `user_id`, `body`, `filename`, `size`, `metadata`, `created_at`, `updated_at`) VALUES ('14', 'fuga', '1023', 'Sunt quas assumenda quas vitae sit optio aut. Aut non consectetur est dolorum optio quis. Id beatae eveniet assumenda similique qui incidunt. Voluptas eaque quae dolores voluptates aliquam neque ad.', 'ex', 0, NULL, '2008-02-24 15:24:29', '1997-06-10 17:52:55');
INSERT INTO `media` (`id`, `media_type`, `user_id`, `body`, `filename`, `size`, `metadata`, `created_at`, `updated_at`) VALUES ('15', 'iure', '1024', 'Ex molestias quam laboriosam omnis neque et nisi. Exercitationem voluptate necessitatibus tenetur adipisci unde quos ut. Similique et aut error quis.', 'dolorem', 55454150, NULL, '2011-12-28 20:34:09', '1972-12-08 02:13:24');
INSERT INTO `media` (`id`, `media_type`, `user_id`, `body`, `filename`, `size`, `metadata`, `created_at`, `updated_at`) VALUES ('16', 'iusto', '1026', 'Eos est aliquam odio eaque. Incidunt illo quae debitis optio.', 'quos', 502, NULL, '2014-06-09 00:03:31', '1998-04-24 05:57:36');
INSERT INTO `media` (`id`, `media_type`, `user_id`, `body`, `filename`, `size`, `metadata`, `created_at`, `updated_at`) VALUES ('17', 'officia', '1027', 'Earum unde numquam aut nam. Nobis quas ut in. Dolorum est et voluptatem sed. Ipsa sapiente iure ut qui quos cum eum.', 'porro', 119, NULL, '2009-01-21 14:42:41', '2006-10-23 05:47:14');
INSERT INTO `media` (`id`, `media_type`, `user_id`, `body`, `filename`, `size`, `metadata`, `created_at`, `updated_at`) VALUES ('18', 'omnis', '1034', 'Delectus consequatur eligendi error perspiciatis nam cupiditate impedit sunt. Doloremque vitae reprehenderit qui est. Ut voluptatibus quisquam est ut aspernatur.', 'modi', 0, NULL, '1996-10-17 23:52:02', '1996-12-14 20:21:06');
INSERT INTO `media` (`id`, `media_type`, `user_id`, `body`, `filename`, `size`, `metadata`, `created_at`, `updated_at`) VALUES ('19', 'quasi', '1036', 'Ex qui dolore omnis. Velit sed quam quos dolor soluta voluptatem. Quod voluptas sed quas quis.', 'molestiae', 3, NULL, '1990-08-07 19:49:11', '2009-12-02 16:17:26');
INSERT INTO `media` (`id`, `media_type`, `user_id`, `body`, `filename`, `size`, `metadata`, `created_at`, `updated_at`) VALUES ('20', 'ut', '1037', 'Assumenda et quis reiciendis nihil dolor. Est velit eveniet ut et corporis ratione. Iusto et porro quas facere velit illo. Non odio repudiandae saepe et accusamus cumque.', 'quo', 369648, NULL, '1971-11-30 05:03:37', '1982-08-27 11:15:39');
INSERT INTO `media` (`id`, `media_type`, `user_id`, `body`, `filename`, `size`, `metadata`, `created_at`, `updated_at`) VALUES ('21', 'aut', '1038', 'Possimus adipisci quo vel ad unde pariatur id aut. Beatae eaque est at.', 'similique', 18630, NULL, '1975-12-20 04:20:40', '1999-03-04 19:39:30');
INSERT INTO `media` (`id`, `media_type`, `user_id`, `body`, `filename`, `size`, `metadata`, `created_at`, `updated_at`) VALUES ('22', 'est', '1039', 'Laborum autem dolor voluptas aliquid voluptatum explicabo. Totam id esse nihil adipisci aut. Voluptatum eum voluptatem alias aliquid provident aliquid. Sit maxime at nam quis sed id sed.', 'sed', 589872315, NULL, '1996-07-04 21:35:36', '1976-10-13 17:14:53');
INSERT INTO `media` (`id`, `media_type`, `user_id`, `body`, `filename`, `size`, `metadata`, `created_at`, `updated_at`) VALUES ('23', 'facilis', '1041', 'Necessitatibus quos aut molestiae ex fugiat dolores. Sunt consequatur labore dolores quibusdam maiores. Ullam incidunt maxime nihil officia cum voluptatem.', 'sint', 94885602, NULL, '2020-01-15 05:15:10', '1974-11-04 22:58:15');
INSERT INTO `media` (`id`, `media_type`, `user_id`, `body`, `filename`, `size`, `metadata`, `created_at`, `updated_at`) VALUES ('24', 'fuga', '1043', 'Rerum expedita ea laboriosam laudantium quod et rerum. Eos laborum asperiores similique esse. Quos sunt dolores temporibus reiciendis recusandae aliquam vero. Voluptate molestiae doloribus provident sed.', 'nostrum', 77, NULL, '2008-05-27 04:49:02', '1971-09-07 19:49:53');
INSERT INTO `media` (`id`, `media_type`, `user_id`, `body`, `filename`, `size`, `metadata`, `created_at`, `updated_at`) VALUES ('25', 'iure', '1044', 'Maxime reiciendis natus eaque ex. Sit sint quia vitae nemo eaque. Delectus tenetur facilis et doloremque. Et qui nihil id distinctio.', 'sint', 960499, NULL, '1996-02-14 20:00:27', '1978-10-12 03:25:36');
INSERT INTO `media` (`id`, `media_type`, `user_id`, `body`, `filename`, `size`, `metadata`, `created_at`, `updated_at`) VALUES ('26', 'iusto', '1046', 'Illum autem tenetur cum enim repudiandae in consequatur. Est non ut eos quis quis ipsum eveniet.', 'qui', 0, NULL, '1997-02-25 03:57:03', '1975-12-02 10:29:28');
INSERT INTO `media` (`id`, `media_type`, `user_id`, `body`, `filename`, `size`, `metadata`, `created_at`, `updated_at`) VALUES ('27', 'officia', '1048', 'Veniam at eos commodi consequatur molestiae. Qui molestiae quasi quasi. Perferendis adipisci odio libero qui et.', 'nulla', 724446, NULL, '1995-09-28 18:04:42', '1972-02-06 10:32:37');
INSERT INTO `media` (`id`, `media_type`, `user_id`, `body`, `filename`, `size`, `metadata`, `created_at`, `updated_at`) VALUES ('28', 'omnis', '1051', 'Quas et reprehenderit similique laboriosam. Sunt molestiae dolorem et accusamus recusandae. Tenetur voluptatem ratione odio quam.', 'dolorem', 3820590, NULL, '1989-12-20 11:20:58', '1981-11-06 17:18:56');
INSERT INTO `media` (`id`, `media_type`, `user_id`, `body`, `filename`, `size`, `metadata`, `created_at`, `updated_at`) VALUES ('29', 'quasi', '1054', 'Aliquid suscipit perspiciatis non et dolores. Dolorem sed architecto sunt optio impedit quaerat. Sit quaerat molestias iusto repellat inventore quos. Dolor laudantium ut mollitia.', 'voluptatem', 1538, NULL, '2011-04-28 14:45:50', '2020-07-23 18:52:02');
INSERT INTO `media` (`id`, `media_type`, `user_id`, `body`, `filename`, `size`, `metadata`, `created_at`, `updated_at`) VALUES ('30', 'ut', '1056', 'Officia illum repudiandae harum. Facere culpa voluptatem qui assumenda. Et dolor beatae nam ea rem ut.', 'sint', 67, NULL, '1987-04-03 06:58:19', '1980-08-14 00:54:07');
INSERT INTO `media` (`id`, `media_type`, `user_id`, `body`, `filename`, `size`, `metadata`, `created_at`, `updated_at`) VALUES ('31', 'aut', '1057', 'Aut quo hic nulla animi quia ut qui. Ex at ut maiores quia qui laudantium. Ut fuga tempora repudiandae omnis ut minima quidem. Reiciendis quia vel illo architecto ut est ipsam voluptatum. Voluptates commodi consequuntur fugiat odit sunt perspiciatis accusamus.', 'ea', 61, NULL, '2020-01-04 21:22:41', '2016-07-14 11:21:11');
INSERT INTO `media` (`id`, `media_type`, `user_id`, `body`, `filename`, `size`, `metadata`, `created_at`, `updated_at`) VALUES ('32', 'est', '1060', 'Et temporibus ut fugiat iste sunt. Et sunt qui nesciunt accusantium non ex iste. Sequi laborum corrupti placeat at nihil sunt beatae ut.', 'soluta', 856, NULL, '1988-05-09 19:08:11', '1980-05-19 04:22:42');
INSERT INTO `media` (`id`, `media_type`, `user_id`, `body`, `filename`, `size`, `metadata`, `created_at`, `updated_at`) VALUES ('33', 'facilis', '1061', 'Quia sit est nihil commodi omnis alias quis nemo. Velit quisquam sed natus necessitatibus repellendus itaque pariatur. Atque aliquam aut aut. Reprehenderit consequuntur dolorum aut sit laudantium.', 'fugiat', 9403167, NULL, '1991-02-26 00:33:31', '1982-05-22 22:08:20');
INSERT INTO `media` (`id`, `media_type`, `user_id`, `body`, `filename`, `size`, `metadata`, `created_at`, `updated_at`) VALUES ('34', 'fuga', '1062', 'Quis libero repellendus voluptatem animi a cupiditate. Praesentium molestias velit ullam est et enim. Nulla ullam quo sit illo sapiente sit. Incidunt cum provident voluptas et iusto.', 'saepe', 2238, NULL, '1977-06-21 14:19:23', '1994-09-27 02:18:40');
INSERT INTO `media` (`id`, `media_type`, `user_id`, `body`, `filename`, `size`, `metadata`, `created_at`, `updated_at`) VALUES ('35', 'iure', '1064', 'Omnis architecto a iusto voluptatem exercitationem. Vero maiores voluptate facere. Repellat quam et et vel. Nisi dolorem assumenda facilis repellendus autem.', 'voluptates', 43, NULL, '2015-07-28 07:34:16', '2002-12-17 18:00:15');
INSERT INTO `media` (`id`, `media_type`, `user_id`, `body`, `filename`, `size`, `metadata`, `created_at`, `updated_at`) VALUES ('36', 'iusto', '1065', 'Voluptas quas praesentium ut ipsa eius. Et consectetur quaerat aliquid et reprehenderit possimus. Magnam placeat voluptatem fugiat non aperiam necessitatibus. Et quidem non dolorum praesentium beatae sed qui.', 'occaecati', 14212393, NULL, '1983-10-11 03:23:29', '1971-12-22 10:27:07');
INSERT INTO `media` (`id`, `media_type`, `user_id`, `body`, `filename`, `size`, `metadata`, `created_at`, `updated_at`) VALUES ('37', 'officia', '1066', 'Repellendus ut harum totam animi. Laboriosam quis inventore aliquam recusandae. Consequatur cupiditate enim repellendus voluptatem eligendi ea soluta.', 'alias', 978, NULL, '1989-01-18 01:09:29', '1981-01-10 18:47:28');
INSERT INTO `media` (`id`, `media_type`, `user_id`, `body`, `filename`, `size`, `metadata`, `created_at`, `updated_at`) VALUES ('38', 'omnis', '1067', 'Et non eligendi omnis saepe ducimus. Quidem amet possimus non doloremque qui ea omnis. Vel magnam qui dolores ab.', 'voluptatem', 285013, NULL, '1974-03-08 18:26:33', '1973-05-05 05:31:32');
INSERT INTO `media` (`id`, `media_type`, `user_id`, `body`, `filename`, `size`, `metadata`, `created_at`, `updated_at`) VALUES ('39', 'quasi', '1068', 'Dolor magnam et beatae doloremque qui. Aut eos velit alias. Animi in maxime temporibus delectus. Ea dolore quas omnis quibusdam.', 'quo', 544057896, NULL, '2020-10-01 04:03:17', '2003-11-30 02:35:27');
INSERT INTO `media` (`id`, `media_type`, `user_id`, `body`, `filename`, `size`, `metadata`, `created_at`, `updated_at`) VALUES ('40', 'ut', '1069', 'Expedita non nam voluptas hic facere et qui et. Qui voluptatem quod commodi. Ut perferendis aperiam quam aspernatur quis eos sint.', 'animi', 6, NULL, '1979-06-04 05:28:19', '2006-04-23 20:24:39');
INSERT INTO `media` (`id`, `media_type`, `user_id`, `body`, `filename`, `size`, `metadata`, `created_at`, `updated_at`) VALUES ('41', 'aut', '1072', 'Unde quas laudantium est. Architecto possimus blanditiis perspiciatis exercitationem velit non tempora.', 'quae', 4650, NULL, '1981-11-05 09:04:44', '2005-01-25 03:27:35');
INSERT INTO `media` (`id`, `media_type`, `user_id`, `body`, `filename`, `size`, `metadata`, `created_at`, `updated_at`) VALUES ('42', 'est', '1073', 'Doloribus aut asperiores dolorem est doloremque. Rem aut libero iste labore adipisci incidunt dolorem. Exercitationem et natus odio et iure eveniet.', 'aut', 0, NULL, '1981-09-17 18:58:27', '2010-01-27 03:07:02');
INSERT INTO `media` (`id`, `media_type`, `user_id`, `body`, `filename`, `size`, `metadata`, `created_at`, `updated_at`) VALUES ('43', 'facilis', '1074', 'Nisi fugit aliquam quaerat est quaerat. Magnam ut sit nihil quia. Dolores laborum molestiae rerum et non et aut.', 'velit', 75, NULL, '2002-12-01 13:27:21', '2004-05-04 16:20:13');
INSERT INTO `media` (`id`, `media_type`, `user_id`, `body`, `filename`, `size`, `metadata`, `created_at`, `updated_at`) VALUES ('44', 'fuga', '1076', 'Natus tenetur impedit sed officia atque error. Et atque velit possimus aut corporis.', 'voluptates', 7842, NULL, '2017-11-19 18:04:29', '2018-03-16 12:27:23');
INSERT INTO `media` (`id`, `media_type`, `user_id`, `body`, `filename`, `size`, `metadata`, `created_at`, `updated_at`) VALUES ('45', 'iure', '1079', 'Atque voluptatem dolore consequuntur blanditiis perferendis sequi sed sapiente. Voluptatem fuga consequatur consequuntur natus. Minima laboriosam est odit et deserunt omnis dolor asperiores. Rerum placeat nihil unde quia eius exercitationem assumenda.', 'minus', 68248, NULL, '2008-11-01 13:49:46', '2004-12-09 16:20:19');
INSERT INTO `media` (`id`, `media_type`, `user_id`, `body`, `filename`, `size`, `metadata`, `created_at`, `updated_at`) VALUES ('46', 'iusto', '1080', 'Et qui aut et saepe soluta adipisci. Id iusto ex quae. Sit quas libero adipisci rerum assumenda inventore eaque. Placeat architecto et ratione amet quis modi.', 'doloribus', 956802, NULL, '1997-05-14 20:41:08', '1997-10-19 18:15:59');
INSERT INTO `media` (`id`, `media_type`, `user_id`, `body`, `filename`, `size`, `metadata`, `created_at`, `updated_at`) VALUES ('47', 'officia', '1081', 'Delectus rerum minus aut aperiam suscipit quas voluptatem exercitationem. Illo aut veritatis qui corrupti necessitatibus. Enim veritatis dolorem voluptatem fuga aut. Rerum magni reprehenderit et sed aliquid id voluptatem. Sint dolores nemo odit iste qui nostrum.', 'est', 479563, NULL, '1988-07-18 19:42:39', '1985-12-20 07:33:41');
INSERT INTO `media` (`id`, `media_type`, `user_id`, `body`, `filename`, `size`, `metadata`, `created_at`, `updated_at`) VALUES ('48', 'omnis', '1083', 'Perferendis et veniam ipsa voluptatem distinctio. Provident facilis perspiciatis dolorem fugit. Soluta eos quia commodi rerum nihil voluptatum. Explicabo culpa ea reiciendis magni enim incidunt repellat.', 'hic', 1, NULL, '2018-05-06 20:48:46', '1997-08-26 15:22:25');
INSERT INTO `media` (`id`, `media_type`, `user_id`, `body`, `filename`, `size`, `metadata`, `created_at`, `updated_at`) VALUES ('49', 'quasi', '1084', 'Quo dolore blanditiis dolorum ut. Maxime velit voluptatem est laudantium est. Voluptatem magnam doloremque iusto reiciendis quia.', 'veritatis', 0, NULL, '1995-10-30 19:44:57', '2015-07-03 12:34:24');
INSERT INTO `media` (`id`, `media_type`, `user_id`, `body`, `filename`, `size`, `metadata`, `created_at`, `updated_at`) VALUES ('50', 'ut', '1086', 'Aut ullam cumque est. Distinctio autem ut libero non debitis.', 'voluptatem', 1313, NULL, '1983-04-16 22:08:30', '2012-03-17 11:29:46');

#
# TABLE STRUCTURE FOR: likes
#

DROP TABLE IF EXISTS `likes`;

CREATE TABLE `likes` (
  `user_id` bigint(20) unsigned NOT NULL,
  `media_id` bigint(20) unsigned NOT NULL,
  `created_at` datetime DEFAULT current_timestamp(),
  PRIMARY KEY (`user_id`,`media_id`),
  KEY `media_id` (`media_id`),
  CONSTRAINT `likes_ibfk_1` FOREIGN KEY (`user_id`) REFERENCES `users` (`id`),
  CONSTRAINT `likes_ibfk_2` FOREIGN KEY (`media_id`) REFERENCES `media` (`id`)
) ENGINE=InnoDB DEFAULT CHARSET=utf8mb4 COLLATE=utf8mb4_unicode_ci;

INSERT INTO `likes` (`user_id`, `media_id`, `created_at`) VALUES ('1001', '1', '1972-02-09 23:43:49');
INSERT INTO `likes` (`user_id`, `media_id`, `created_at`) VALUES ('1002', '2', '2009-12-19 19:52:56');
INSERT INTO `likes` (`user_id`, `media_id`, `created_at`) VALUES ('1003', '3', '2000-05-13 16:46:31');
INSERT INTO `likes` (`user_id`, `media_id`, `created_at`) VALUES ('1005', '4', '2018-11-03 09:20:46');
INSERT INTO `likes` (`user_id`, `media_id`, `created_at`) VALUES ('1006', '5', '2019-02-06 20:35:25');
INSERT INTO `likes` (`user_id`, `media_id`, `created_at`) VALUES ('1007', '6', '1975-04-04 03:39:53');
INSERT INTO `likes` (`user_id`, `media_id`, `created_at`) VALUES ('1009', '7', '2012-05-03 14:29:20');
INSERT INTO `likes` (`user_id`, `media_id`, `created_at`) VALUES ('1011', '8', '1981-06-29 20:22:50');
INSERT INTO `likes` (`user_id`, `media_id`, `created_at`) VALUES ('1016', '9', '2003-02-23 04:42:49');
INSERT INTO `likes` (`user_id`, `media_id`, `created_at`) VALUES ('1017', '10', '2017-02-10 22:56:14');
INSERT INTO `likes` (`user_id`, `media_id`, `created_at`) VALUES ('1018', '11', '2001-07-29 10:57:01');
INSERT INTO `likes` (`user_id`, `media_id`, `created_at`) VALUES ('1021', '12', '2014-09-29 11:15:16');
INSERT INTO `likes` (`user_id`, `media_id`, `created_at`) VALUES ('1022', '13', '2014-09-09 09:18:18');
INSERT INTO `likes` (`user_id`, `media_id`, `created_at`) VALUES ('1023', '14', '2004-03-02 13:56:40');
INSERT INTO `likes` (`user_id`, `media_id`, `created_at`) VALUES ('1024', '15', '1992-09-27 17:03:16');
INSERT INTO `likes` (`user_id`, `media_id`, `created_at`) VALUES ('1026', '16', '2016-04-16 19:38:36');
INSERT INTO `likes` (`user_id`, `media_id`, `created_at`) VALUES ('1027', '17', '1981-09-14 16:17:10');
INSERT INTO `likes` (`user_id`, `media_id`, `created_at`) VALUES ('1034', '18', '2002-05-27 06:27:51');
INSERT INTO `likes` (`user_id`, `media_id`, `created_at`) VALUES ('1036', '19', '2008-12-05 13:13:01');
INSERT INTO `likes` (`user_id`, `media_id`, `created_at`) VALUES ('1037', '20', '2007-10-09 22:17:30');
INSERT INTO `likes` (`user_id`, `media_id`, `created_at`) VALUES ('1038', '21', '1983-12-22 03:14:58');
INSERT INTO `likes` (`user_id`, `media_id`, `created_at`) VALUES ('1039', '22', '2006-08-17 00:15:39');
INSERT INTO `likes` (`user_id`, `media_id`, `created_at`) VALUES ('1041', '23', '2013-08-16 00:28:01');
INSERT INTO `likes` (`user_id`, `media_id`, `created_at`) VALUES ('1043', '24', '1986-10-13 20:12:35');
INSERT INTO `likes` (`user_id`, `media_id`, `created_at`) VALUES ('1044', '25', '2002-06-30 07:36:53');
INSERT INTO `likes` (`user_id`, `media_id`, `created_at`) VALUES ('1046', '26', '1970-07-23 21:29:55');
INSERT INTO `likes` (`user_id`, `media_id`, `created_at`) VALUES ('1048', '27', '1980-02-01 10:05:24');
INSERT INTO `likes` (`user_id`, `media_id`, `created_at`) VALUES ('1051', '28', '2010-05-17 19:23:55');
INSERT INTO `likes` (`user_id`, `media_id`, `created_at`) VALUES ('1054', '29', '2019-06-24 02:31:30');
INSERT INTO `likes` (`user_id`, `media_id`, `created_at`) VALUES ('1056', '30', '2004-05-04 16:23:43');
INSERT INTO `likes` (`user_id`, `media_id`, `created_at`) VALUES ('1057', '31', '2018-01-06 20:55:59');
INSERT INTO `likes` (`user_id`, `media_id`, `created_at`) VALUES ('1060', '32', '1970-08-18 04:34:27');
INSERT INTO `likes` (`user_id`, `media_id`, `created_at`) VALUES ('1061', '33', '1985-06-26 04:36:29');
INSERT INTO `likes` (`user_id`, `media_id`, `created_at`) VALUES ('1062', '34', '2005-11-24 11:24:50');
INSERT INTO `likes` (`user_id`, `media_id`, `created_at`) VALUES ('1064', '35', '1997-10-07 11:49:42');
INSERT INTO `likes` (`user_id`, `media_id`, `created_at`) VALUES ('1065', '36', '1973-02-10 07:41:08');
INSERT INTO `likes` (`user_id`, `media_id`, `created_at`) VALUES ('1066', '37', '1987-11-20 23:37:33');
INSERT INTO `likes` (`user_id`, `media_id`, `created_at`) VALUES ('1067', '38', '1970-07-31 13:16:50');
INSERT INTO `likes` (`user_id`, `media_id`, `created_at`) VALUES ('1068', '39', '1994-08-28 21:14:29');
INSERT INTO `likes` (`user_id`, `media_id`, `created_at`) VALUES ('1069', '40', '1972-07-04 00:38:05');
INSERT INTO `likes` (`user_id`, `media_id`, `created_at`) VALUES ('1072', '41', '1986-05-05 15:20:51');
INSERT INTO `likes` (`user_id`, `media_id`, `created_at`) VALUES ('1073', '42', '2010-09-13 12:49:55');
INSERT INTO `likes` (`user_id`, `media_id`, `created_at`) VALUES ('1074', '43', '2020-09-04 08:17:26');
INSERT INTO `likes` (`user_id`, `media_id`, `created_at`) VALUES ('1076', '44', '2014-08-15 08:43:44');
INSERT INTO `likes` (`user_id`, `media_id`, `created_at`) VALUES ('1079', '45', '1987-08-29 03:12:17');
INSERT INTO `likes` (`user_id`, `media_id`, `created_at`) VALUES ('1080', '46', '2002-05-17 21:41:25');
INSERT INTO `likes` (`user_id`, `media_id`, `created_at`) VALUES ('1081', '47', '2012-05-15 06:22:10');
INSERT INTO `likes` (`user_id`, `media_id`, `created_at`) VALUES ('1083', '48', '1993-08-10 10:37:19');
INSERT INTO `likes` (`user_id`, `media_id`, `created_at`) VALUES ('1084', '49', '1979-07-25 17:01:14');
INSERT INTO `likes` (`user_id`, `media_id`, `created_at`) VALUES ('1086', '50', '2019-05-28 17:17:11');
INSERT INTO `likes` (`user_id`, `media_id`, `created_at`) VALUES ('1087', '1', '1977-02-16 07:51:42');
INSERT INTO `likes` (`user_id`, `media_id`, `created_at`) VALUES ('1088', '2', '1994-05-11 13:40:11');
INSERT INTO `likes` (`user_id`, `media_id`, `created_at`) VALUES ('1095', '3', '1998-06-14 12:42:23');
INSERT INTO `likes` (`user_id`, `media_id`, `created_at`) VALUES ('1097', '4', '2011-05-21 14:25:35');
INSERT INTO `likes` (`user_id`, `media_id`, `created_at`) VALUES ('1098', '5', '1974-04-26 19:44:56');
INSERT INTO `likes` (`user_id`, `media_id`, `created_at`) VALUES ('1099', '6', '2012-05-09 12:16:15');
INSERT INTO `likes` (`user_id`, `media_id`, `created_at`) VALUES ('1101', '7', '2007-03-05 12:21:31');
INSERT INTO `likes` (`user_id`, `media_id`, `created_at`) VALUES ('1103', '8', '1984-06-15 16:26:29');
INSERT INTO `likes` (`user_id`, `media_id`, `created_at`) VALUES ('1104', '9', '2009-11-08 08:41:49');
INSERT INTO `likes` (`user_id`, `media_id`, `created_at`) VALUES ('1105', '10', '2009-10-19 16:23:35');
INSERT INTO `likes` (`user_id`, `media_id`, `created_at`) VALUES ('1110', '11', '2006-09-30 02:00:17');
INSERT INTO `likes` (`user_id`, `media_id`, `created_at`) VALUES ('1111', '12', '1971-05-23 14:43:45');
INSERT INTO `likes` (`user_id`, `media_id`, `created_at`) VALUES ('1113', '13', '1997-01-31 11:55:47');
INSERT INTO `likes` (`user_id`, `media_id`, `created_at`) VALUES ('1114', '14', '2003-05-05 12:01:13');
INSERT INTO `likes` (`user_id`, `media_id`, `created_at`) VALUES ('1115', '15', '1998-05-22 23:09:08');
INSERT INTO `likes` (`user_id`, `media_id`, `created_at`) VALUES ('1116', '16', '2013-03-23 04:36:35');
INSERT INTO `likes` (`user_id`, `media_id`, `created_at`) VALUES ('1119', '17', '1980-07-12 07:35:56');
INSERT INTO `likes` (`user_id`, `media_id`, `created_at`) VALUES ('1121', '18', '2020-09-06 12:12:55');
INSERT INTO `likes` (`user_id`, `media_id`, `created_at`) VALUES ('1123', '19', '2011-11-29 22:05:56');
INSERT INTO `likes` (`user_id`, `media_id`, `created_at`) VALUES ('1125', '20', '1972-02-11 07:05:27');
INSERT INTO `likes` (`user_id`, `media_id`, `created_at`) VALUES ('1127', '21', '1997-01-10 19:09:17');
INSERT INTO `likes` (`user_id`, `media_id`, `created_at`) VALUES ('1128', '22', '1971-02-14 14:17:04');
INSERT INTO `likes` (`user_id`, `media_id`, `created_at`) VALUES ('1129', '23', '1972-11-30 14:01:44');
INSERT INTO `likes` (`user_id`, `media_id`, `created_at`) VALUES ('1130', '24', '1978-12-24 20:53:35');
INSERT INTO `likes` (`user_id`, `media_id`, `created_at`) VALUES ('1131', '25', '2020-09-10 22:06:33');
INSERT INTO `likes` (`user_id`, `media_id`, `created_at`) VALUES ('1132', '26', '2020-08-30 19:29:52');
INSERT INTO `likes` (`user_id`, `media_id`, `created_at`) VALUES ('1133', '27', '1980-08-13 13:39:18');
INSERT INTO `likes` (`user_id`, `media_id`, `created_at`) VALUES ('1134', '28', '1990-04-05 06:42:44');
INSERT INTO `likes` (`user_id`, `media_id`, `created_at`) VALUES ('1137', '29', '2004-04-22 09:48:52');
INSERT INTO `likes` (`user_id`, `media_id`, `created_at`) VALUES ('1138', '30', '2018-12-07 15:14:33');
INSERT INTO `likes` (`user_id`, `media_id`, `created_at`) VALUES ('1140', '31', '1979-03-01 08:01:32');
INSERT INTO `likes` (`user_id`, `media_id`, `created_at`) VALUES ('1141', '32', '2019-11-13 11:45:45');
INSERT INTO `likes` (`user_id`, `media_id`, `created_at`) VALUES ('1143', '33', '2003-03-29 04:09:01');
INSERT INTO `likes` (`user_id`, `media_id`, `created_at`) VALUES ('1147', '34', '2012-10-07 16:29:25');
INSERT INTO `likes` (`user_id`, `media_id`, `created_at`) VALUES ('1148', '35', '1979-08-15 18:15:54');
INSERT INTO `likes` (`user_id`, `media_id`, `created_at`) VALUES ('1149', '36', '1994-06-19 00:43:07');
INSERT INTO `likes` (`user_id`, `media_id`, `created_at`) VALUES ('1150', '37', '1992-09-26 21:51:47');
INSERT INTO `likes` (`user_id`, `media_id`, `created_at`) VALUES ('1151', '38', '1975-01-11 19:56:23');
INSERT INTO `likes` (`user_id`, `media_id`, `created_at`) VALUES ('1153', '39', '1996-03-15 22:52:15');
INSERT INTO `likes` (`user_id`, `media_id`, `created_at`) VALUES ('1154', '40', '2011-07-20 14:17:42');
INSERT INTO `likes` (`user_id`, `media_id`, `created_at`) VALUES ('1157', '41', '1985-12-04 09:07:52');
INSERT INTO `likes` (`user_id`, `media_id`, `created_at`) VALUES ('1158', '42', '2020-12-30 05:01:21');
INSERT INTO `likes` (`user_id`, `media_id`, `created_at`) VALUES ('1160', '43', '1975-04-15 04:28:38');
INSERT INTO `likes` (`user_id`, `media_id`, `created_at`) VALUES ('1163', '44', '1979-10-26 17:07:46');
INSERT INTO `likes` (`user_id`, `media_id`, `created_at`) VALUES ('1164', '45', '1996-06-18 06:16:33');
INSERT INTO `likes` (`user_id`, `media_id`, `created_at`) VALUES ('1165', '46', '2000-03-04 21:37:47');
INSERT INTO `likes` (`user_id`, `media_id`, `created_at`) VALUES ('1166', '47', '1970-11-27 20:52:58');
INSERT INTO `likes` (`user_id`, `media_id`, `created_at`) VALUES ('1167', '48', '1984-07-29 01:37:36');
INSERT INTO `likes` (`user_id`, `media_id`, `created_at`) VALUES ('1168', '49', '1985-05-30 07:40:00');
INSERT INTO `likes` (`user_id`, `media_id`, `created_at`) VALUES ('1169', '50', '1998-10-08 14:37:00');

#
# TABLE STRUCTURE FOR: photo_albums
#

DROP TABLE IF EXISTS `photo_albums`;

CREATE TABLE `photo_albums` (
  `id` bigint(20) unsigned NOT NULL AUTO_INCREMENT,
  `name` varchar(255) COLLATE utf8mb4_unicode_ci DEFAULT NULL,
  `user_id` bigint(20) unsigned DEFAULT NULL,
  PRIMARY KEY (`id`),
  KEY `user_id` (`user_id`),
  CONSTRAINT `photo_albums_ibfk_1` FOREIGN KEY (`user_id`) REFERENCES `users` (`id`)
) ENGINE=InnoDB AUTO_INCREMENT=101 DEFAULT CHARSET=utf8mb4 COLLATE=utf8mb4_unicode_ci;

INSERT INTO `photo_albums` (`id`, `name`, `user_id`) VALUES ('1', 'deleniti', '1001');
INSERT INTO `photo_albums` (`id`, `name`, `user_id`) VALUES ('2', 'iusto', '1002');
INSERT INTO `photo_albums` (`id`, `name`, `user_id`) VALUES ('3', 'omnis', '1003');
INSERT INTO `photo_albums` (`id`, `name`, `user_id`) VALUES ('4', 'dolorem', '1005');
INSERT INTO `photo_albums` (`id`, `name`, `user_id`) VALUES ('5', 'explicabo', '1006');
INSERT INTO `photo_albums` (`id`, `name`, `user_id`) VALUES ('6', 'omnis', '1007');
INSERT INTO `photo_albums` (`id`, `name`, `user_id`) VALUES ('7', 'vero', '1009');
INSERT INTO `photo_albums` (`id`, `name`, `user_id`) VALUES ('8', 'quaerat', '1011');
INSERT INTO `photo_albums` (`id`, `name`, `user_id`) VALUES ('9', 'deserunt', '1016');
INSERT INTO `photo_albums` (`id`, `name`, `user_id`) VALUES ('10', 'ullam', '1017');
INSERT INTO `photo_albums` (`id`, `name`, `user_id`) VALUES ('11', 'ex', '1018');
INSERT INTO `photo_albums` (`id`, `name`, `user_id`) VALUES ('12', 'rerum', '1021');
INSERT INTO `photo_albums` (`id`, `name`, `user_id`) VALUES ('13', 'nihil', '1022');
INSERT INTO `photo_albums` (`id`, `name`, `user_id`) VALUES ('14', 'autem', '1023');
INSERT INTO `photo_albums` (`id`, `name`, `user_id`) VALUES ('15', 'enim', '1024');
INSERT INTO `photo_albums` (`id`, `name`, `user_id`) VALUES ('16', 'quia', '1026');
INSERT INTO `photo_albums` (`id`, `name`, `user_id`) VALUES ('17', 'impedit', '1027');
INSERT INTO `photo_albums` (`id`, `name`, `user_id`) VALUES ('18', 'eum', '1034');
INSERT INTO `photo_albums` (`id`, `name`, `user_id`) VALUES ('19', 'optio', '1036');
INSERT INTO `photo_albums` (`id`, `name`, `user_id`) VALUES ('20', 'reiciendis', '1037');
INSERT INTO `photo_albums` (`id`, `name`, `user_id`) VALUES ('21', 'quam', '1038');
INSERT INTO `photo_albums` (`id`, `name`, `user_id`) VALUES ('22', 'et', '1039');
INSERT INTO `photo_albums` (`id`, `name`, `user_id`) VALUES ('23', 'sit', '1041');
INSERT INTO `photo_albums` (`id`, `name`, `user_id`) VALUES ('24', 'ut', '1043');
INSERT INTO `photo_albums` (`id`, `name`, `user_id`) VALUES ('25', 'qui', '1044');
INSERT INTO `photo_albums` (`id`, `name`, `user_id`) VALUES ('26', 'ad', '1046');
INSERT INTO `photo_albums` (`id`, `name`, `user_id`) VALUES ('27', 'ad', '1048');
INSERT INTO `photo_albums` (`id`, `name`, `user_id`) VALUES ('28', 'voluptatem', '1051');
INSERT INTO `photo_albums` (`id`, `name`, `user_id`) VALUES ('29', 'sit', '1054');
INSERT INTO `photo_albums` (`id`, `name`, `user_id`) VALUES ('30', 'sequi', '1056');
INSERT INTO `photo_albums` (`id`, `name`, `user_id`) VALUES ('31', 'quia', '1057');
INSERT INTO `photo_albums` (`id`, `name`, `user_id`) VALUES ('32', 'nesciunt', '1060');
INSERT INTO `photo_albums` (`id`, `name`, `user_id`) VALUES ('33', 'aut', '1061');
INSERT INTO `photo_albums` (`id`, `name`, `user_id`) VALUES ('34', 'hic', '1062');
INSERT INTO `photo_albums` (`id`, `name`, `user_id`) VALUES ('35', 'ut', '1064');
INSERT INTO `photo_albums` (`id`, `name`, `user_id`) VALUES ('36', 'aut', '1065');
INSERT INTO `photo_albums` (`id`, `name`, `user_id`) VALUES ('37', 'in', '1066');
INSERT INTO `photo_albums` (`id`, `name`, `user_id`) VALUES ('38', 'corrupti', '1067');
INSERT INTO `photo_albums` (`id`, `name`, `user_id`) VALUES ('39', 'dolor', '1068');
INSERT INTO `photo_albums` (`id`, `name`, `user_id`) VALUES ('40', 'laboriosam', '1069');
INSERT INTO `photo_albums` (`id`, `name`, `user_id`) VALUES ('41', 'et', '1072');
INSERT INTO `photo_albums` (`id`, `name`, `user_id`) VALUES ('42', 'doloribus', '1073');
INSERT INTO `photo_albums` (`id`, `name`, `user_id`) VALUES ('43', 'qui', '1074');
INSERT INTO `photo_albums` (`id`, `name`, `user_id`) VALUES ('44', 'veniam', '1076');
INSERT INTO `photo_albums` (`id`, `name`, `user_id`) VALUES ('45', 'ratione', '1079');
INSERT INTO `photo_albums` (`id`, `name`, `user_id`) VALUES ('46', 'aspernatur', '1080');
INSERT INTO `photo_albums` (`id`, `name`, `user_id`) VALUES ('47', 'enim', '1081');
INSERT INTO `photo_albums` (`id`, `name`, `user_id`) VALUES ('48', 'ad', '1083');
INSERT INTO `photo_albums` (`id`, `name`, `user_id`) VALUES ('49', 'possimus', '1084');
INSERT INTO `photo_albums` (`id`, `name`, `user_id`) VALUES ('50', 'aut', '1086');
INSERT INTO `photo_albums` (`id`, `name`, `user_id`) VALUES ('51', 'est', '1087');
INSERT INTO `photo_albums` (`id`, `name`, `user_id`) VALUES ('52', 'perferendis', '1088');
INSERT INTO `photo_albums` (`id`, `name`, `user_id`) VALUES ('53', 'eligendi', '1095');
INSERT INTO `photo_albums` (`id`, `name`, `user_id`) VALUES ('54', 'ut', '1097');
INSERT INTO `photo_albums` (`id`, `name`, `user_id`) VALUES ('55', 'est', '1098');
INSERT INTO `photo_albums` (`id`, `name`, `user_id`) VALUES ('56', 'consequatur', '1099');
INSERT INTO `photo_albums` (`id`, `name`, `user_id`) VALUES ('57', 'consequuntur', '1101');
INSERT INTO `photo_albums` (`id`, `name`, `user_id`) VALUES ('58', 'dicta', '1103');
INSERT INTO `photo_albums` (`id`, `name`, `user_id`) VALUES ('59', 'voluptas', '1104');
INSERT INTO `photo_albums` (`id`, `name`, `user_id`) VALUES ('60', 'ut', '1105');
INSERT INTO `photo_albums` (`id`, `name`, `user_id`) VALUES ('61', 'fugit', '1110');
INSERT INTO `photo_albums` (`id`, `name`, `user_id`) VALUES ('62', 'voluptates', '1111');
INSERT INTO `photo_albums` (`id`, `name`, `user_id`) VALUES ('63', 'id', '1113');
INSERT INTO `photo_albums` (`id`, `name`, `user_id`) VALUES ('64', 'et', '1114');
INSERT INTO `photo_albums` (`id`, `name`, `user_id`) VALUES ('65', 'officiis', '1115');
INSERT INTO `photo_albums` (`id`, `name`, `user_id`) VALUES ('66', 'a', '1116');
INSERT INTO `photo_albums` (`id`, `name`, `user_id`) VALUES ('67', 'veniam', '1119');
INSERT INTO `photo_albums` (`id`, `name`, `user_id`) VALUES ('68', 'consequuntur', '1121');
INSERT INTO `photo_albums` (`id`, `name`, `user_id`) VALUES ('69', 'voluptatum', '1123');
INSERT INTO `photo_albums` (`id`, `name`, `user_id`) VALUES ('70', 'pariatur', '1125');
INSERT INTO `photo_albums` (`id`, `name`, `user_id`) VALUES ('71', 'saepe', '1127');
INSERT INTO `photo_albums` (`id`, `name`, `user_id`) VALUES ('72', 'quidem', '1128');
INSERT INTO `photo_albums` (`id`, `name`, `user_id`) VALUES ('73', 'dolorem', '1129');
INSERT INTO `photo_albums` (`id`, `name`, `user_id`) VALUES ('74', 'repellat', '1130');
INSERT INTO `photo_albums` (`id`, `name`, `user_id`) VALUES ('75', 'eligendi', '1131');
INSERT INTO `photo_albums` (`id`, `name`, `user_id`) VALUES ('76', 'et', '1132');
INSERT INTO `photo_albums` (`id`, `name`, `user_id`) VALUES ('77', 'sed', '1133');
INSERT INTO `photo_albums` (`id`, `name`, `user_id`) VALUES ('78', 'nisi', '1134');
INSERT INTO `photo_albums` (`id`, `name`, `user_id`) VALUES ('79', 'sapiente', '1137');
INSERT INTO `photo_albums` (`id`, `name`, `user_id`) VALUES ('80', 'vel', '1138');
INSERT INTO `photo_albums` (`id`, `name`, `user_id`) VALUES ('81', 'debitis', '1140');
INSERT INTO `photo_albums` (`id`, `name`, `user_id`) VALUES ('82', 'sunt', '1141');
INSERT INTO `photo_albums` (`id`, `name`, `user_id`) VALUES ('83', 'recusandae', '1143');
INSERT INTO `photo_albums` (`id`, `name`, `user_id`) VALUES ('84', 'porro', '1147');
INSERT INTO `photo_albums` (`id`, `name`, `user_id`) VALUES ('85', 'atque', '1148');
INSERT INTO `photo_albums` (`id`, `name`, `user_id`) VALUES ('86', 'temporibus', '1149');
INSERT INTO `photo_albums` (`id`, `name`, `user_id`) VALUES ('87', 'nulla', '1150');
INSERT INTO `photo_albums` (`id`, `name`, `user_id`) VALUES ('88', 'est', '1151');
INSERT INTO `photo_albums` (`id`, `name`, `user_id`) VALUES ('89', 'perferendis', '1153');
INSERT INTO `photo_albums` (`id`, `name`, `user_id`) VALUES ('90', 'optio', '1154');
INSERT INTO `photo_albums` (`id`, `name`, `user_id`) VALUES ('91', 'neque', '1157');
INSERT INTO `photo_albums` (`id`, `name`, `user_id`) VALUES ('92', 'accusantium', '1158');
INSERT INTO `photo_albums` (`id`, `name`, `user_id`) VALUES ('93', 'omnis', '1160');
INSERT INTO `photo_albums` (`id`, `name`, `user_id`) VALUES ('94', 'error', '1163');
INSERT INTO `photo_albums` (`id`, `name`, `user_id`) VALUES ('95', 'eaque', '1164');
INSERT INTO `photo_albums` (`id`, `name`, `user_id`) VALUES ('96', 'hic', '1165');
INSERT INTO `photo_albums` (`id`, `name`, `user_id`) VALUES ('97', 'eum', '1166');
INSERT INTO `photo_albums` (`id`, `name`, `user_id`) VALUES ('98', 'suscipit', '1167');
INSERT INTO `photo_albums` (`id`, `name`, `user_id`) VALUES ('99', 'iure', '1168');
INSERT INTO `photo_albums` (`id`, `name`, `user_id`) VALUES ('100', 'error', '1169');

#
# TABLE STRUCTURE FOR: photos
#

DROP TABLE IF EXISTS `photos`;

CREATE TABLE `photos` (
  `id` bigint(20) unsigned NOT NULL AUTO_INCREMENT,
  `album_id` bigint(20) unsigned DEFAULT NULL,
  `media_id` bigint(20) unsigned NOT NULL,
  PRIMARY KEY (`id`),
  KEY `album_id` (`album_id`),
  KEY `media_id` (`media_id`),
  CONSTRAINT `photos_ibfk_1` FOREIGN KEY (`album_id`) REFERENCES `photo_albums` (`id`),
  CONSTRAINT `photos_ibfk_2` FOREIGN KEY (`media_id`) REFERENCES `media` (`id`)
) ENGINE=InnoDB AUTO_INCREMENT=101 DEFAULT CHARSET=utf8mb4 COLLATE=utf8mb4_unicode_ci;

INSERT INTO `photos` (`id`, `album_id`, `media_id`) VALUES ('1', '1', '1');
INSERT INTO `photos` (`id`, `album_id`, `media_id`) VALUES ('2', '2', '2');
INSERT INTO `photos` (`id`, `album_id`, `media_id`) VALUES ('3', '3', '3');
INSERT INTO `photos` (`id`, `album_id`, `media_id`) VALUES ('4', '4', '4');
INSERT INTO `photos` (`id`, `album_id`, `media_id`) VALUES ('5', '5', '5');
INSERT INTO `photos` (`id`, `album_id`, `media_id`) VALUES ('6', '6', '6');
INSERT INTO `photos` (`id`, `album_id`, `media_id`) VALUES ('7', '7', '7');
INSERT INTO `photos` (`id`, `album_id`, `media_id`) VALUES ('8', '8', '8');
INSERT INTO `photos` (`id`, `album_id`, `media_id`) VALUES ('9', '9', '9');
INSERT INTO `photos` (`id`, `album_id`, `media_id`) VALUES ('10', '10', '10');
INSERT INTO `photos` (`id`, `album_id`, `media_id`) VALUES ('11', '11', '11');
INSERT INTO `photos` (`id`, `album_id`, `media_id`) VALUES ('12', '12', '12');
INSERT INTO `photos` (`id`, `album_id`, `media_id`) VALUES ('13', '13', '13');
INSERT INTO `photos` (`id`, `album_id`, `media_id`) VALUES ('14', '14', '14');
INSERT INTO `photos` (`id`, `album_id`, `media_id`) VALUES ('15', '15', '15');
INSERT INTO `photos` (`id`, `album_id`, `media_id`) VALUES ('16', '16', '16');
INSERT INTO `photos` (`id`, `album_id`, `media_id`) VALUES ('17', '17', '17');
INSERT INTO `photos` (`id`, `album_id`, `media_id`) VALUES ('18', '18', '18');
INSERT INTO `photos` (`id`, `album_id`, `media_id`) VALUES ('19', '19', '19');
INSERT INTO `photos` (`id`, `album_id`, `media_id`) VALUES ('20', '20', '20');
INSERT INTO `photos` (`id`, `album_id`, `media_id`) VALUES ('21', '21', '21');
INSERT INTO `photos` (`id`, `album_id`, `media_id`) VALUES ('22', '22', '22');
INSERT INTO `photos` (`id`, `album_id`, `media_id`) VALUES ('23', '23', '23');
INSERT INTO `photos` (`id`, `album_id`, `media_id`) VALUES ('24', '24', '24');
INSERT INTO `photos` (`id`, `album_id`, `media_id`) VALUES ('25', '25', '25');
INSERT INTO `photos` (`id`, `album_id`, `media_id`) VALUES ('26', '26', '26');
INSERT INTO `photos` (`id`, `album_id`, `media_id`) VALUES ('27', '27', '27');
INSERT INTO `photos` (`id`, `album_id`, `media_id`) VALUES ('28', '28', '28');
INSERT INTO `photos` (`id`, `album_id`, `media_id`) VALUES ('29', '29', '29');
INSERT INTO `photos` (`id`, `album_id`, `media_id`) VALUES ('30', '30', '30');
INSERT INTO `photos` (`id`, `album_id`, `media_id`) VALUES ('31', '31', '31');
INSERT INTO `photos` (`id`, `album_id`, `media_id`) VALUES ('32', '32', '32');
INSERT INTO `photos` (`id`, `album_id`, `media_id`) VALUES ('33', '33', '33');
INSERT INTO `photos` (`id`, `album_id`, `media_id`) VALUES ('34', '34', '34');
INSERT INTO `photos` (`id`, `album_id`, `media_id`) VALUES ('35', '35', '35');
INSERT INTO `photos` (`id`, `album_id`, `media_id`) VALUES ('36', '36', '36');
INSERT INTO `photos` (`id`, `album_id`, `media_id`) VALUES ('37', '37', '37');
INSERT INTO `photos` (`id`, `album_id`, `media_id`) VALUES ('38', '38', '38');
INSERT INTO `photos` (`id`, `album_id`, `media_id`) VALUES ('39', '39', '39');
INSERT INTO `photos` (`id`, `album_id`, `media_id`) VALUES ('40', '40', '40');
INSERT INTO `photos` (`id`, `album_id`, `media_id`) VALUES ('41', '41', '41');
INSERT INTO `photos` (`id`, `album_id`, `media_id`) VALUES ('42', '42', '42');
INSERT INTO `photos` (`id`, `album_id`, `media_id`) VALUES ('43', '43', '43');
INSERT INTO `photos` (`id`, `album_id`, `media_id`) VALUES ('44', '44', '44');
INSERT INTO `photos` (`id`, `album_id`, `media_id`) VALUES ('45', '45', '45');
INSERT INTO `photos` (`id`, `album_id`, `media_id`) VALUES ('46', '46', '46');
INSERT INTO `photos` (`id`, `album_id`, `media_id`) VALUES ('47', '47', '47');
INSERT INTO `photos` (`id`, `album_id`, `media_id`) VALUES ('48', '48', '48');
INSERT INTO `photos` (`id`, `album_id`, `media_id`) VALUES ('49', '49', '49');
INSERT INTO `photos` (`id`, `album_id`, `media_id`) VALUES ('50', '50', '50');
INSERT INTO `photos` (`id`, `album_id`, `media_id`) VALUES ('51', '51', '1');
INSERT INTO `photos` (`id`, `album_id`, `media_id`) VALUES ('52', '52', '2');
INSERT INTO `photos` (`id`, `album_id`, `media_id`) VALUES ('53', '53', '3');
INSERT INTO `photos` (`id`, `album_id`, `media_id`) VALUES ('54', '54', '4');
INSERT INTO `photos` (`id`, `album_id`, `media_id`) VALUES ('55', '55', '5');
INSERT INTO `photos` (`id`, `album_id`, `media_id`) VALUES ('56', '56', '6');
INSERT INTO `photos` (`id`, `album_id`, `media_id`) VALUES ('57', '57', '7');
INSERT INTO `photos` (`id`, `album_id`, `media_id`) VALUES ('58', '58', '8');
INSERT INTO `photos` (`id`, `album_id`, `media_id`) VALUES ('59', '59', '9');
INSERT INTO `photos` (`id`, `album_id`, `media_id`) VALUES ('60', '60', '10');
INSERT INTO `photos` (`id`, `album_id`, `media_id`) VALUES ('61', '61', '11');
INSERT INTO `photos` (`id`, `album_id`, `media_id`) VALUES ('62', '62', '12');
INSERT INTO `photos` (`id`, `album_id`, `media_id`) VALUES ('63', '63', '13');
INSERT INTO `photos` (`id`, `album_id`, `media_id`) VALUES ('64', '64', '14');
INSERT INTO `photos` (`id`, `album_id`, `media_id`) VALUES ('65', '65', '15');
INSERT INTO `photos` (`id`, `album_id`, `media_id`) VALUES ('66', '66', '16');
INSERT INTO `photos` (`id`, `album_id`, `media_id`) VALUES ('67', '67', '17');
INSERT INTO `photos` (`id`, `album_id`, `media_id`) VALUES ('68', '68', '18');
INSERT INTO `photos` (`id`, `album_id`, `media_id`) VALUES ('69', '69', '19');
INSERT INTO `photos` (`id`, `album_id`, `media_id`) VALUES ('70', '70', '20');
INSERT INTO `photos` (`id`, `album_id`, `media_id`) VALUES ('71', '71', '21');
INSERT INTO `photos` (`id`, `album_id`, `media_id`) VALUES ('72', '72', '22');
INSERT INTO `photos` (`id`, `album_id`, `media_id`) VALUES ('73', '73', '23');
INSERT INTO `photos` (`id`, `album_id`, `media_id`) VALUES ('74', '74', '24');
INSERT INTO `photos` (`id`, `album_id`, `media_id`) VALUES ('75', '75', '25');
INSERT INTO `photos` (`id`, `album_id`, `media_id`) VALUES ('76', '76', '26');
INSERT INTO `photos` (`id`, `album_id`, `media_id`) VALUES ('77', '77', '27');
INSERT INTO `photos` (`id`, `album_id`, `media_id`) VALUES ('78', '78', '28');
INSERT INTO `photos` (`id`, `album_id`, `media_id`) VALUES ('79', '79', '29');
INSERT INTO `photos` (`id`, `album_id`, `media_id`) VALUES ('80', '80', '30');
INSERT INTO `photos` (`id`, `album_id`, `media_id`) VALUES ('81', '81', '31');
INSERT INTO `photos` (`id`, `album_id`, `media_id`) VALUES ('82', '82', '32');
INSERT INTO `photos` (`id`, `album_id`, `media_id`) VALUES ('83', '83', '33');
INSERT INTO `photos` (`id`, `album_id`, `media_id`) VALUES ('84', '84', '34');
INSERT INTO `photos` (`id`, `album_id`, `media_id`) VALUES ('85', '85', '35');
INSERT INTO `photos` (`id`, `album_id`, `media_id`) VALUES ('86', '86', '36');
INSERT INTO `photos` (`id`, `album_id`, `media_id`) VALUES ('87', '87', '37');
INSERT INTO `photos` (`id`, `album_id`, `media_id`) VALUES ('88', '88', '38');
INSERT INTO `photos` (`id`, `album_id`, `media_id`) VALUES ('89', '89', '39');
INSERT INTO `photos` (`id`, `album_id`, `media_id`) VALUES ('90', '90', '40');
INSERT INTO `photos` (`id`, `album_id`, `media_id`) VALUES ('91', '91', '41');
INSERT INTO `photos` (`id`, `album_id`, `media_id`) VALUES ('92', '92', '42');
INSERT INTO `photos` (`id`, `album_id`, `media_id`) VALUES ('93', '93', '43');
INSERT INTO `photos` (`id`, `album_id`, `media_id`) VALUES ('94', '94', '44');
INSERT INTO `photos` (`id`, `album_id`, `media_id`) VALUES ('95', '95', '45');
INSERT INTO `photos` (`id`, `album_id`, `media_id`) VALUES ('96', '96', '46');
INSERT INTO `photos` (`id`, `album_id`, `media_id`) VALUES ('97', '97', '47');
INSERT INTO `photos` (`id`, `album_id`, `media_id`) VALUES ('98', '98', '48');
INSERT INTO `photos` (`id`, `album_id`, `media_id`) VALUES ('99', '99', '49');
INSERT INTO `photos` (`id`, `album_id`, `media_id`) VALUES ('100', '100', '50');

#
# TABLE STRUCTURE FOR: models_device
#

DROP TABLE IF EXISTS `models_device`;

CREATE TABLE `models_device` (
  `id` bigint(20) unsigned NOT NULL AUTO_INCREMENT,
  `name` varchar(255) COLLATE utf8mb4_unicode_ci DEFAULT NULL,
  `manufacture_id` bigint(20) unsigned NOT NULL,
  PRIMARY KEY (`id`),
  KEY `manufacture_id` (`manufacture_id`),
  CONSTRAINT `models_device_ibfk_1` FOREIGN KEY (`manufacture_id`) REFERENCES `manufactures_device` (`id`)
) ENGINE=InnoDB AUTO_INCREMENT=101 DEFAULT CHARSET=utf8mb4 COLLATE=utf8mb4_unicode_ci;

INSERT INTO `models_device` (`id`, `name`, `manufacture_id`) VALUES ('1', 'unde', '1');
INSERT INTO `models_device` (`id`, `name`, `manufacture_id`) VALUES ('2', 'explicabo', '2');
INSERT INTO `models_device` (`id`, `name`, `manufacture_id`) VALUES ('3', 'optio', '3');
INSERT INTO `models_device` (`id`, `name`, `manufacture_id`) VALUES ('4', 'blanditiis', '4');
INSERT INTO `models_device` (`id`, `name`, `manufacture_id`) VALUES ('5', 'ipsum', '5');
INSERT INTO `models_device` (`id`, `name`, `manufacture_id`) VALUES ('6', 'nesciunt', '6');
INSERT INTO `models_device` (`id`, `name`, `manufacture_id`) VALUES ('7', 'atque', '7');
INSERT INTO `models_device` (`id`, `name`, `manufacture_id`) VALUES ('8', 'debitis', '8');
INSERT INTO `models_device` (`id`, `name`, `manufacture_id`) VALUES ('9', 'cum', '9');
INSERT INTO `models_device` (`id`, `name`, `manufacture_id`) VALUES ('10', 'qui', '10');
INSERT INTO `models_device` (`id`, `name`, `manufacture_id`) VALUES ('11', 'occaecati', '11');
INSERT INTO `models_device` (`id`, `name`, `manufacture_id`) VALUES ('12', 'quisquam', '12');
INSERT INTO `models_device` (`id`, `name`, `manufacture_id`) VALUES ('13', 'officiis', '13');
INSERT INTO `models_device` (`id`, `name`, `manufacture_id`) VALUES ('14', 'nisi', '14');
INSERT INTO `models_device` (`id`, `name`, `manufacture_id`) VALUES ('15', 'et', '15');
INSERT INTO `models_device` (`id`, `name`, `manufacture_id`) VALUES ('16', 'repellat', '16');
INSERT INTO `models_device` (`id`, `name`, `manufacture_id`) VALUES ('17', 'sit', '17');
INSERT INTO `models_device` (`id`, `name`, `manufacture_id`) VALUES ('18', 'voluptatem', '18');
INSERT INTO `models_device` (`id`, `name`, `manufacture_id`) VALUES ('19', 'impedit', '19');
INSERT INTO `models_device` (`id`, `name`, `manufacture_id`) VALUES ('20', 'placeat', '20');
INSERT INTO `models_device` (`id`, `name`, `manufacture_id`) VALUES ('21', 'nam', '21');
INSERT INTO `models_device` (`id`, `name`, `manufacture_id`) VALUES ('22', 'ut', '22');
INSERT INTO `models_device` (`id`, `name`, `manufacture_id`) VALUES ('23', 'aliquam', '23');
INSERT INTO `models_device` (`id`, `name`, `manufacture_id`) VALUES ('24', 'nemo', '24');
INSERT INTO `models_device` (`id`, `name`, `manufacture_id`) VALUES ('25', 'omnis', '25');
INSERT INTO `models_device` (`id`, `name`, `manufacture_id`) VALUES ('26', 'vitae', '26');
INSERT INTO `models_device` (`id`, `name`, `manufacture_id`) VALUES ('27', 'nam', '27');
INSERT INTO `models_device` (`id`, `name`, `manufacture_id`) VALUES ('28', 'laudantium', '28');
INSERT INTO `models_device` (`id`, `name`, `manufacture_id`) VALUES ('29', 'hic', '29');
INSERT INTO `models_device` (`id`, `name`, `manufacture_id`) VALUES ('30', 'omnis', '30');
INSERT INTO `models_device` (`id`, `name`, `manufacture_id`) VALUES ('31', 'aut', '31');
INSERT INTO `models_device` (`id`, `name`, `manufacture_id`) VALUES ('32', 'dolores', '32');
INSERT INTO `models_device` (`id`, `name`, `manufacture_id`) VALUES ('33', 'animi', '33');
INSERT INTO `models_device` (`id`, `name`, `manufacture_id`) VALUES ('34', 'dolorum', '34');
INSERT INTO `models_device` (`id`, `name`, `manufacture_id`) VALUES ('35', 'illo', '35');
INSERT INTO `models_device` (`id`, `name`, `manufacture_id`) VALUES ('36', 'commodi', '36');
INSERT INTO `models_device` (`id`, `name`, `manufacture_id`) VALUES ('37', 'ea', '37');
INSERT INTO `models_device` (`id`, `name`, `manufacture_id`) VALUES ('38', 'nesciunt', '38');
INSERT INTO `models_device` (`id`, `name`, `manufacture_id`) VALUES ('39', 'omnis', '39');
INSERT INTO `models_device` (`id`, `name`, `manufacture_id`) VALUES ('40', 'quis', '40');
INSERT INTO `models_device` (`id`, `name`, `manufacture_id`) VALUES ('41', 'porro', '41');
INSERT INTO `models_device` (`id`, `name`, `manufacture_id`) VALUES ('42', 'aspernatur', '42');
INSERT INTO `models_device` (`id`, `name`, `manufacture_id`) VALUES ('43', 'id', '43');
INSERT INTO `models_device` (`id`, `name`, `manufacture_id`) VALUES ('44', 'vero', '44');
INSERT INTO `models_device` (`id`, `name`, `manufacture_id`) VALUES ('45', 'quis', '45');
INSERT INTO `models_device` (`id`, `name`, `manufacture_id`) VALUES ('46', 'ad', '46');
INSERT INTO `models_device` (`id`, `name`, `manufacture_id`) VALUES ('47', 'ut', '47');
INSERT INTO `models_device` (`id`, `name`, `manufacture_id`) VALUES ('48', 'asperiores', '48');
INSERT INTO `models_device` (`id`, `name`, `manufacture_id`) VALUES ('49', 'libero', '49');
INSERT INTO `models_device` (`id`, `name`, `manufacture_id`) VALUES ('50', 'non', '50');
INSERT INTO `models_device` (`id`, `name`, `manufacture_id`) VALUES ('51', 'quod', '51');
INSERT INTO `models_device` (`id`, `name`, `manufacture_id`) VALUES ('52', 'perferendis', '52');
INSERT INTO `models_device` (`id`, `name`, `manufacture_id`) VALUES ('53', 'ea', '53');
INSERT INTO `models_device` (`id`, `name`, `manufacture_id`) VALUES ('54', 'sunt', '54');
INSERT INTO `models_device` (`id`, `name`, `manufacture_id`) VALUES ('55', 'similique', '55');
INSERT INTO `models_device` (`id`, `name`, `manufacture_id`) VALUES ('56', 'consequatur', '56');
INSERT INTO `models_device` (`id`, `name`, `manufacture_id`) VALUES ('57', 'delectus', '57');
INSERT INTO `models_device` (`id`, `name`, `manufacture_id`) VALUES ('58', 'nobis', '58');
INSERT INTO `models_device` (`id`, `name`, `manufacture_id`) VALUES ('59', 'id', '59');
INSERT INTO `models_device` (`id`, `name`, `manufacture_id`) VALUES ('60', 'aut', '60');
INSERT INTO `models_device` (`id`, `name`, `manufacture_id`) VALUES ('61', 'laudantium', '61');
INSERT INTO `models_device` (`id`, `name`, `manufacture_id`) VALUES ('62', 'eveniet', '62');
INSERT INTO `models_device` (`id`, `name`, `manufacture_id`) VALUES ('63', 'pariatur', '63');
INSERT INTO `models_device` (`id`, `name`, `manufacture_id`) VALUES ('64', 'mollitia', '64');
INSERT INTO `models_device` (`id`, `name`, `manufacture_id`) VALUES ('65', 'error', '65');
INSERT INTO `models_device` (`id`, `name`, `manufacture_id`) VALUES ('66', 'id', '66');
INSERT INTO `models_device` (`id`, `name`, `manufacture_id`) VALUES ('67', 'cumque', '67');
INSERT INTO `models_device` (`id`, `name`, `manufacture_id`) VALUES ('68', 'voluptatem', '68');
INSERT INTO `models_device` (`id`, `name`, `manufacture_id`) VALUES ('69', 'veniam', '69');
INSERT INTO `models_device` (`id`, `name`, `manufacture_id`) VALUES ('70', 'non', '70');
INSERT INTO `models_device` (`id`, `name`, `manufacture_id`) VALUES ('71', 'dolor', '71');
INSERT INTO `models_device` (`id`, `name`, `manufacture_id`) VALUES ('72', 'est', '72');
INSERT INTO `models_device` (`id`, `name`, `manufacture_id`) VALUES ('73', 'eum', '73');
INSERT INTO `models_device` (`id`, `name`, `manufacture_id`) VALUES ('74', 'optio', '74');
INSERT INTO `models_device` (`id`, `name`, `manufacture_id`) VALUES ('75', 'autem', '75');
INSERT INTO `models_device` (`id`, `name`, `manufacture_id`) VALUES ('76', 'quibusdam', '76');
INSERT INTO `models_device` (`id`, `name`, `manufacture_id`) VALUES ('77', 'quia', '77');
INSERT INTO `models_device` (`id`, `name`, `manufacture_id`) VALUES ('78', 'aperiam', '78');
INSERT INTO `models_device` (`id`, `name`, `manufacture_id`) VALUES ('79', 'voluptas', '79');
INSERT INTO `models_device` (`id`, `name`, `manufacture_id`) VALUES ('80', 'perspiciatis', '80');
INSERT INTO `models_device` (`id`, `name`, `manufacture_id`) VALUES ('81', 'facilis', '81');
INSERT INTO `models_device` (`id`, `name`, `manufacture_id`) VALUES ('82', 'et', '82');
INSERT INTO `models_device` (`id`, `name`, `manufacture_id`) VALUES ('83', 'autem', '83');
INSERT INTO `models_device` (`id`, `name`, `manufacture_id`) VALUES ('84', 'sed', '84');
INSERT INTO `models_device` (`id`, `name`, `manufacture_id`) VALUES ('85', 'nesciunt', '85');
INSERT INTO `models_device` (`id`, `name`, `manufacture_id`) VALUES ('86', 'autem', '86');
INSERT INTO `models_device` (`id`, `name`, `manufacture_id`) VALUES ('87', 'corrupti', '87');
INSERT INTO `models_device` (`id`, `name`, `manufacture_id`) VALUES ('88', 'tempora', '88');
INSERT INTO `models_device` (`id`, `name`, `manufacture_id`) VALUES ('89', 'voluptas', '89');
INSERT INTO `models_device` (`id`, `name`, `manufacture_id`) VALUES ('90', 'facere', '90');
INSERT INTO `models_device` (`id`, `name`, `manufacture_id`) VALUES ('91', 'et', '91');
INSERT INTO `models_device` (`id`, `name`, `manufacture_id`) VALUES ('92', 'qui', '92');
INSERT INTO `models_device` (`id`, `name`, `manufacture_id`) VALUES ('93', 'natus', '93');
INSERT INTO `models_device` (`id`, `name`, `manufacture_id`) VALUES ('94', 'distinctio', '94');
INSERT INTO `models_device` (`id`, `name`, `manufacture_id`) VALUES ('95', 'id', '95');
INSERT INTO `models_device` (`id`, `name`, `manufacture_id`) VALUES ('96', 'libero', '96');
INSERT INTO `models_device` (`id`, `name`, `manufacture_id`) VALUES ('97', 'mollitia', '97');
INSERT INTO `models_device` (`id`, `name`, `manufacture_id`) VALUES ('98', 'atque', '98');
INSERT INTO `models_device` (`id`, `name`, `manufacture_id`) VALUES ('99', 'dignissimos', '99');
INSERT INTO `models_device` (`id`, `name`, `manufacture_id`) VALUES ('100', 'mollitia', '100');

#
# TABLE STRUCTURE FOR: players
#

DROP TABLE IF EXISTS `players`;

CREATE TABLE `players` (
  `user_id` bigint(20) unsigned NOT NULL,
  `game_id` bigint(20) unsigned NOT NULL,
  `start_play` datetime DEFAULT current_timestamp(),
  PRIMARY KEY (`user_id`,`game_id`),
  KEY `game_id` (`game_id`),
  CONSTRAINT `players_ibfk_1` FOREIGN KEY (`user_id`) REFERENCES `users` (`id`),
  CONSTRAINT `players_ibfk_2` FOREIGN KEY (`game_id`) REFERENCES `games` (`id`)
) ENGINE=InnoDB DEFAULT CHARSET=utf8mb4 COLLATE=utf8mb4_unicode_ci;

INSERT INTO `players` (`user_id`, `game_id`, `start_play`) VALUES ('1001', '1', '2000-11-15 18:31:12');
INSERT INTO `players` (`user_id`, `game_id`, `start_play`) VALUES ('1002', '2', '1996-03-05 05:06:01');
INSERT INTO `players` (`user_id`, `game_id`, `start_play`) VALUES ('1003', '3', '2012-10-06 23:20:11');
INSERT INTO `players` (`user_id`, `game_id`, `start_play`) VALUES ('1005', '4', '1990-09-11 14:40:06');
INSERT INTO `players` (`user_id`, `game_id`, `start_play`) VALUES ('1006', '5', '1974-11-20 09:43:18');
INSERT INTO `players` (`user_id`, `game_id`, `start_play`) VALUES ('1007', '6', '2011-10-07 14:43:00');
INSERT INTO `players` (`user_id`, `game_id`, `start_play`) VALUES ('1009', '7', '2001-01-23 16:14:34');
INSERT INTO `players` (`user_id`, `game_id`, `start_play`) VALUES ('1011', '8', '2018-03-05 13:45:30');
INSERT INTO `players` (`user_id`, `game_id`, `start_play`) VALUES ('1016', '9', '1980-04-22 02:25:33');
INSERT INTO `players` (`user_id`, `game_id`, `start_play`) VALUES ('1017', '10', '2020-02-23 20:07:09');
INSERT INTO `players` (`user_id`, `game_id`, `start_play`) VALUES ('1018', '11', '1973-11-16 23:38:32');
INSERT INTO `players` (`user_id`, `game_id`, `start_play`) VALUES ('1021', '12', '1975-01-18 08:04:47');
INSERT INTO `players` (`user_id`, `game_id`, `start_play`) VALUES ('1022', '13', '2001-06-30 19:17:17');
INSERT INTO `players` (`user_id`, `game_id`, `start_play`) VALUES ('1023', '14', '1975-12-15 02:27:02');
INSERT INTO `players` (`user_id`, `game_id`, `start_play`) VALUES ('1024', '15', '1988-04-28 07:02:02');
INSERT INTO `players` (`user_id`, `game_id`, `start_play`) VALUES ('1026', '16', '1991-11-08 02:36:19');
INSERT INTO `players` (`user_id`, `game_id`, `start_play`) VALUES ('1027', '17', '1986-08-13 23:49:57');
INSERT INTO `players` (`user_id`, `game_id`, `start_play`) VALUES ('1034', '18', '1970-07-23 22:19:52');
INSERT INTO `players` (`user_id`, `game_id`, `start_play`) VALUES ('1036', '19', '2015-01-21 19:21:16');
INSERT INTO `players` (`user_id`, `game_id`, `start_play`) VALUES ('1037', '20', '2013-12-28 03:00:26');
INSERT INTO `players` (`user_id`, `game_id`, `start_play`) VALUES ('1038', '21', '2017-08-02 03:39:20');
INSERT INTO `players` (`user_id`, `game_id`, `start_play`) VALUES ('1039', '22', '1997-03-27 14:57:56');
INSERT INTO `players` (`user_id`, `game_id`, `start_play`) VALUES ('1041', '23', '1977-03-26 14:37:57');
INSERT INTO `players` (`user_id`, `game_id`, `start_play`) VALUES ('1043', '24', '1974-04-27 16:28:49');
INSERT INTO `players` (`user_id`, `game_id`, `start_play`) VALUES ('1044', '25', '1978-10-07 02:35:18');
INSERT INTO `players` (`user_id`, `game_id`, `start_play`) VALUES ('1046', '26', '2019-04-26 10:11:13');
INSERT INTO `players` (`user_id`, `game_id`, `start_play`) VALUES ('1048', '27', '1977-10-29 08:08:09');
INSERT INTO `players` (`user_id`, `game_id`, `start_play`) VALUES ('1051', '28', '1976-07-13 21:38:07');
INSERT INTO `players` (`user_id`, `game_id`, `start_play`) VALUES ('1054', '29', '1971-07-06 20:46:32');
INSERT INTO `players` (`user_id`, `game_id`, `start_play`) VALUES ('1056', '30', '1975-10-20 06:40:14');
INSERT INTO `players` (`user_id`, `game_id`, `start_play`) VALUES ('1057', '31', '2010-06-13 00:53:31');
INSERT INTO `players` (`user_id`, `game_id`, `start_play`) VALUES ('1060', '32', '2011-02-19 16:01:42');
INSERT INTO `players` (`user_id`, `game_id`, `start_play`) VALUES ('1061', '33', '2020-10-27 16:18:44');
INSERT INTO `players` (`user_id`, `game_id`, `start_play`) VALUES ('1062', '34', '2008-05-28 21:56:42');
INSERT INTO `players` (`user_id`, `game_id`, `start_play`) VALUES ('1064', '35', '1998-12-25 12:51:45');
INSERT INTO `players` (`user_id`, `game_id`, `start_play`) VALUES ('1065', '36', '2019-09-16 18:35:07');
INSERT INTO `players` (`user_id`, `game_id`, `start_play`) VALUES ('1066', '37', '1991-02-08 02:58:39');
INSERT INTO `players` (`user_id`, `game_id`, `start_play`) VALUES ('1067', '38', '1970-01-25 06:19:37');
INSERT INTO `players` (`user_id`, `game_id`, `start_play`) VALUES ('1068', '39', '2020-05-23 12:35:17');
INSERT INTO `players` (`user_id`, `game_id`, `start_play`) VALUES ('1069', '40', '1971-11-10 19:03:59');
INSERT INTO `players` (`user_id`, `game_id`, `start_play`) VALUES ('1072', '41', '1988-09-18 11:57:06');
INSERT INTO `players` (`user_id`, `game_id`, `start_play`) VALUES ('1073', '42', '1990-05-15 11:08:12');
INSERT INTO `players` (`user_id`, `game_id`, `start_play`) VALUES ('1074', '43', '2001-03-25 20:42:03');
INSERT INTO `players` (`user_id`, `game_id`, `start_play`) VALUES ('1076', '44', '2003-07-23 07:26:43');
INSERT INTO `players` (`user_id`, `game_id`, `start_play`) VALUES ('1079', '45', '2019-03-24 19:10:23');
INSERT INTO `players` (`user_id`, `game_id`, `start_play`) VALUES ('1080', '46', '1988-03-19 08:10:03');
INSERT INTO `players` (`user_id`, `game_id`, `start_play`) VALUES ('1081', '47', '1991-07-07 18:21:32');
INSERT INTO `players` (`user_id`, `game_id`, `start_play`) VALUES ('1083', '48', '2006-04-05 10:07:01');
INSERT INTO `players` (`user_id`, `game_id`, `start_play`) VALUES ('1084', '49', '2019-10-17 18:25:55');
INSERT INTO `players` (`user_id`, `game_id`, `start_play`) VALUES ('1086', '50', '1975-05-16 18:24:25');
INSERT INTO `players` (`user_id`, `game_id`, `start_play`) VALUES ('1087', '51', '2021-04-16 02:35:21');
INSERT INTO `players` (`user_id`, `game_id`, `start_play`) VALUES ('1088', '52', '1984-04-06 09:15:41');
INSERT INTO `players` (`user_id`, `game_id`, `start_play`) VALUES ('1095', '53', '1991-08-12 18:01:01');
INSERT INTO `players` (`user_id`, `game_id`, `start_play`) VALUES ('1097', '54', '1978-07-24 06:41:03');
INSERT INTO `players` (`user_id`, `game_id`, `start_play`) VALUES ('1098', '55', '1997-04-23 08:41:29');
INSERT INTO `players` (`user_id`, `game_id`, `start_play`) VALUES ('1099', '56', '2010-03-26 15:56:53');
INSERT INTO `players` (`user_id`, `game_id`, `start_play`) VALUES ('1101', '57', '1982-12-13 21:49:26');
INSERT INTO `players` (`user_id`, `game_id`, `start_play`) VALUES ('1103', '58', '2009-04-14 21:15:05');
INSERT INTO `players` (`user_id`, `game_id`, `start_play`) VALUES ('1104', '59', '1979-07-02 20:58:00');
INSERT INTO `players` (`user_id`, `game_id`, `start_play`) VALUES ('1105', '60', '1985-06-22 01:17:34');
INSERT INTO `players` (`user_id`, `game_id`, `start_play`) VALUES ('1110', '61', '1993-12-17 19:26:07');
INSERT INTO `players` (`user_id`, `game_id`, `start_play`) VALUES ('1111', '62', '1999-11-06 03:37:35');
INSERT INTO `players` (`user_id`, `game_id`, `start_play`) VALUES ('1113', '63', '1998-02-12 20:49:53');
INSERT INTO `players` (`user_id`, `game_id`, `start_play`) VALUES ('1114', '64', '1990-06-30 23:52:03');
INSERT INTO `players` (`user_id`, `game_id`, `start_play`) VALUES ('1115', '65', '2019-07-02 21:56:02');
INSERT INTO `players` (`user_id`, `game_id`, `start_play`) VALUES ('1116', '66', '2010-09-11 19:22:45');
INSERT INTO `players` (`user_id`, `game_id`, `start_play`) VALUES ('1119', '67', '1972-03-13 05:09:42');
INSERT INTO `players` (`user_id`, `game_id`, `start_play`) VALUES ('1121', '68', '2017-11-05 06:57:59');
INSERT INTO `players` (`user_id`, `game_id`, `start_play`) VALUES ('1123', '69', '1990-02-19 22:38:51');
INSERT INTO `players` (`user_id`, `game_id`, `start_play`) VALUES ('1125', '70', '1985-05-11 15:45:44');
INSERT INTO `players` (`user_id`, `game_id`, `start_play`) VALUES ('1127', '71', '1991-10-31 07:08:47');
INSERT INTO `players` (`user_id`, `game_id`, `start_play`) VALUES ('1128', '72', '2019-07-14 17:16:23');
INSERT INTO `players` (`user_id`, `game_id`, `start_play`) VALUES ('1129', '73', '2012-02-22 02:02:09');
INSERT INTO `players` (`user_id`, `game_id`, `start_play`) VALUES ('1130', '74', '1991-11-16 15:11:03');
INSERT INTO `players` (`user_id`, `game_id`, `start_play`) VALUES ('1131', '75', '2005-11-21 06:04:28');
INSERT INTO `players` (`user_id`, `game_id`, `start_play`) VALUES ('1132', '76', '2003-10-21 17:44:39');
INSERT INTO `players` (`user_id`, `game_id`, `start_play`) VALUES ('1133', '77', '1989-03-27 07:11:59');
INSERT INTO `players` (`user_id`, `game_id`, `start_play`) VALUES ('1134', '78', '1976-06-02 03:05:05');
INSERT INTO `players` (`user_id`, `game_id`, `start_play`) VALUES ('1137', '79', '2019-11-15 12:29:42');
INSERT INTO `players` (`user_id`, `game_id`, `start_play`) VALUES ('1138', '80', '1988-06-03 17:12:35');
INSERT INTO `players` (`user_id`, `game_id`, `start_play`) VALUES ('1140', '81', '1983-09-23 04:34:42');
INSERT INTO `players` (`user_id`, `game_id`, `start_play`) VALUES ('1141', '82', '1974-11-10 17:23:08');
INSERT INTO `players` (`user_id`, `game_id`, `start_play`) VALUES ('1143', '83', '2008-08-09 10:34:54');
INSERT INTO `players` (`user_id`, `game_id`, `start_play`) VALUES ('1147', '84', '1988-06-19 20:02:24');
INSERT INTO `players` (`user_id`, `game_id`, `start_play`) VALUES ('1148', '85', '2020-10-13 15:34:48');
INSERT INTO `players` (`user_id`, `game_id`, `start_play`) VALUES ('1149', '86', '2014-06-01 09:03:39');
INSERT INTO `players` (`user_id`, `game_id`, `start_play`) VALUES ('1150', '87', '1996-03-07 06:50:55');
INSERT INTO `players` (`user_id`, `game_id`, `start_play`) VALUES ('1151', '88', '1973-08-07 14:01:50');
INSERT INTO `players` (`user_id`, `game_id`, `start_play`) VALUES ('1153', '89', '1982-10-29 01:35:34');
INSERT INTO `players` (`user_id`, `game_id`, `start_play`) VALUES ('1154', '90', '1997-06-18 16:12:02');
INSERT INTO `players` (`user_id`, `game_id`, `start_play`) VALUES ('1157', '91', '2000-10-02 20:26:19');
INSERT INTO `players` (`user_id`, `game_id`, `start_play`) VALUES ('1158', '92', '1977-04-30 18:14:59');
INSERT INTO `players` (`user_id`, `game_id`, `start_play`) VALUES ('1160', '93', '2015-09-13 17:36:51');
INSERT INTO `players` (`user_id`, `game_id`, `start_play`) VALUES ('1163', '94', '2013-06-10 22:24:48');
INSERT INTO `players` (`user_id`, `game_id`, `start_play`) VALUES ('1164', '95', '2018-01-01 07:10:43');
INSERT INTO `players` (`user_id`, `game_id`, `start_play`) VALUES ('1165', '96', '1977-12-21 11:27:22');
INSERT INTO `players` (`user_id`, `game_id`, `start_play`) VALUES ('1166', '97', '2014-04-08 14:23:54');
INSERT INTO `players` (`user_id`, `game_id`, `start_play`) VALUES ('1167', '98', '2016-06-30 21:21:51');
INSERT INTO `players` (`user_id`, `game_id`, `start_play`) VALUES ('1168', '99', '1996-12-22 15:11:57');
INSERT INTO `players` (`user_id`, `game_id`, `start_play`) VALUES ('1169', '100', '1981-01-15 06:21:39');

#
# TABLE STRUCTURE FOR: users_communities
#

DROP TABLE IF EXISTS `users_communities`;

CREATE TABLE `users_communities` (
  `user_id` bigint(20) unsigned NOT NULL,
  `community_id` bigint(20) unsigned NOT NULL,
  PRIMARY KEY (`user_id`,`community_id`),
  KEY `community_id` (`community_id`),
  CONSTRAINT `users_communities_ibfk_1` FOREIGN KEY (`user_id`) REFERENCES `users` (`id`),
  CONSTRAINT `users_communities_ibfk_2` FOREIGN KEY (`community_id`) REFERENCES `communities` (`id`)
) ENGINE=InnoDB DEFAULT CHARSET=utf8mb4 COLLATE=utf8mb4_unicode_ci;

INSERT INTO `users_communities` (`user_id`, `community_id`) VALUES ('1001', '1');
INSERT INTO `users_communities` (`user_id`, `community_id`) VALUES ('1002', '2');
INSERT INTO `users_communities` (`user_id`, `community_id`) VALUES ('1003', '3');
INSERT INTO `users_communities` (`user_id`, `community_id`) VALUES ('1005', '4');
INSERT INTO `users_communities` (`user_id`, `community_id`) VALUES ('1006', '5');
INSERT INTO `users_communities` (`user_id`, `community_id`) VALUES ('1007', '6');
INSERT INTO `users_communities` (`user_id`, `community_id`) VALUES ('1009', '7');
INSERT INTO `users_communities` (`user_id`, `community_id`) VALUES ('1011', '8');
INSERT INTO `users_communities` (`user_id`, `community_id`) VALUES ('1016', '9');
INSERT INTO `users_communities` (`user_id`, `community_id`) VALUES ('1017', '10');
INSERT INTO `users_communities` (`user_id`, `community_id`) VALUES ('1018', '11');
INSERT INTO `users_communities` (`user_id`, `community_id`) VALUES ('1021', '12');
INSERT INTO `users_communities` (`user_id`, `community_id`) VALUES ('1022', '13');
INSERT INTO `users_communities` (`user_id`, `community_id`) VALUES ('1023', '14');
INSERT INTO `users_communities` (`user_id`, `community_id`) VALUES ('1024', '15');
INSERT INTO `users_communities` (`user_id`, `community_id`) VALUES ('1026', '16');
INSERT INTO `users_communities` (`user_id`, `community_id`) VALUES ('1027', '17');
INSERT INTO `users_communities` (`user_id`, `community_id`) VALUES ('1034', '18');
INSERT INTO `users_communities` (`user_id`, `community_id`) VALUES ('1036', '19');
INSERT INTO `users_communities` (`user_id`, `community_id`) VALUES ('1037', '20');
INSERT INTO `users_communities` (`user_id`, `community_id`) VALUES ('1038', '21');
INSERT INTO `users_communities` (`user_id`, `community_id`) VALUES ('1039', '22');
INSERT INTO `users_communities` (`user_id`, `community_id`) VALUES ('1041', '23');
INSERT INTO `users_communities` (`user_id`, `community_id`) VALUES ('1043', '24');
INSERT INTO `users_communities` (`user_id`, `community_id`) VALUES ('1044', '25');
INSERT INTO `users_communities` (`user_id`, `community_id`) VALUES ('1046', '26');
INSERT INTO `users_communities` (`user_id`, `community_id`) VALUES ('1048', '27');
INSERT INTO `users_communities` (`user_id`, `community_id`) VALUES ('1051', '28');
INSERT INTO `users_communities` (`user_id`, `community_id`) VALUES ('1054', '29');
INSERT INTO `users_communities` (`user_id`, `community_id`) VALUES ('1056', '30');
INSERT INTO `users_communities` (`user_id`, `community_id`) VALUES ('1057', '31');
INSERT INTO `users_communities` (`user_id`, `community_id`) VALUES ('1060', '32');
INSERT INTO `users_communities` (`user_id`, `community_id`) VALUES ('1061', '33');
INSERT INTO `users_communities` (`user_id`, `community_id`) VALUES ('1062', '34');
INSERT INTO `users_communities` (`user_id`, `community_id`) VALUES ('1064', '35');
INSERT INTO `users_communities` (`user_id`, `community_id`) VALUES ('1065', '36');
INSERT INTO `users_communities` (`user_id`, `community_id`) VALUES ('1066', '37');
INSERT INTO `users_communities` (`user_id`, `community_id`) VALUES ('1067', '38');
INSERT INTO `users_communities` (`user_id`, `community_id`) VALUES ('1068', '39');
INSERT INTO `users_communities` (`user_id`, `community_id`) VALUES ('1069', '40');
INSERT INTO `users_communities` (`user_id`, `community_id`) VALUES ('1072', '41');
INSERT INTO `users_communities` (`user_id`, `community_id`) VALUES ('1073', '42');
INSERT INTO `users_communities` (`user_id`, `community_id`) VALUES ('1074', '43');
INSERT INTO `users_communities` (`user_id`, `community_id`) VALUES ('1076', '44');
INSERT INTO `users_communities` (`user_id`, `community_id`) VALUES ('1079', '45');
INSERT INTO `users_communities` (`user_id`, `community_id`) VALUES ('1080', '46');
INSERT INTO `users_communities` (`user_id`, `community_id`) VALUES ('1081', '47');
INSERT INTO `users_communities` (`user_id`, `community_id`) VALUES ('1083', '48');
INSERT INTO `users_communities` (`user_id`, `community_id`) VALUES ('1084', '49');
INSERT INTO `users_communities` (`user_id`, `community_id`) VALUES ('1086', '50');
INSERT INTO `users_communities` (`user_id`, `community_id`) VALUES ('1087', '1');
INSERT INTO `users_communities` (`user_id`, `community_id`) VALUES ('1088', '2');
INSERT INTO `users_communities` (`user_id`, `community_id`) VALUES ('1095', '3');
INSERT INTO `users_communities` (`user_id`, `community_id`) VALUES ('1097', '4');
INSERT INTO `users_communities` (`user_id`, `community_id`) VALUES ('1098', '5');
INSERT INTO `users_communities` (`user_id`, `community_id`) VALUES ('1099', '6');
INSERT INTO `users_communities` (`user_id`, `community_id`) VALUES ('1101', '7');
INSERT INTO `users_communities` (`user_id`, `community_id`) VALUES ('1103', '8');
INSERT INTO `users_communities` (`user_id`, `community_id`) VALUES ('1104', '9');
INSERT INTO `users_communities` (`user_id`, `community_id`) VALUES ('1105', '10');
INSERT INTO `users_communities` (`user_id`, `community_id`) VALUES ('1110', '11');
INSERT INTO `users_communities` (`user_id`, `community_id`) VALUES ('1111', '12');
INSERT INTO `users_communities` (`user_id`, `community_id`) VALUES ('1113', '13');
INSERT INTO `users_communities` (`user_id`, `community_id`) VALUES ('1114', '14');
INSERT INTO `users_communities` (`user_id`, `community_id`) VALUES ('1115', '15');
INSERT INTO `users_communities` (`user_id`, `community_id`) VALUES ('1116', '16');
INSERT INTO `users_communities` (`user_id`, `community_id`) VALUES ('1119', '17');
INSERT INTO `users_communities` (`user_id`, `community_id`) VALUES ('1121', '18');
INSERT INTO `users_communities` (`user_id`, `community_id`) VALUES ('1123', '19');
INSERT INTO `users_communities` (`user_id`, `community_id`) VALUES ('1125', '20');
INSERT INTO `users_communities` (`user_id`, `community_id`) VALUES ('1127', '21');
INSERT INTO `users_communities` (`user_id`, `community_id`) VALUES ('1128', '22');
INSERT INTO `users_communities` (`user_id`, `community_id`) VALUES ('1129', '23');
INSERT INTO `users_communities` (`user_id`, `community_id`) VALUES ('1130', '24');
INSERT INTO `users_communities` (`user_id`, `community_id`) VALUES ('1131', '25');
INSERT INTO `users_communities` (`user_id`, `community_id`) VALUES ('1132', '26');
INSERT INTO `users_communities` (`user_id`, `community_id`) VALUES ('1133', '27');
INSERT INTO `users_communities` (`user_id`, `community_id`) VALUES ('1134', '28');
INSERT INTO `users_communities` (`user_id`, `community_id`) VALUES ('1137', '29');
INSERT INTO `users_communities` (`user_id`, `community_id`) VALUES ('1138', '30');
INSERT INTO `users_communities` (`user_id`, `community_id`) VALUES ('1140', '31');
INSERT INTO `users_communities` (`user_id`, `community_id`) VALUES ('1141', '32');
INSERT INTO `users_communities` (`user_id`, `community_id`) VALUES ('1143', '33');
INSERT INTO `users_communities` (`user_id`, `community_id`) VALUES ('1147', '34');
INSERT INTO `users_communities` (`user_id`, `community_id`) VALUES ('1148', '35');
INSERT INTO `users_communities` (`user_id`, `community_id`) VALUES ('1149', '36');
INSERT INTO `users_communities` (`user_id`, `community_id`) VALUES ('1150', '37');
INSERT INTO `users_communities` (`user_id`, `community_id`) VALUES ('1151', '38');
INSERT INTO `users_communities` (`user_id`, `community_id`) VALUES ('1153', '39');
INSERT INTO `users_communities` (`user_id`, `community_id`) VALUES ('1154', '40');
INSERT INTO `users_communities` (`user_id`, `community_id`) VALUES ('1157', '41');
INSERT INTO `users_communities` (`user_id`, `community_id`) VALUES ('1158', '42');
INSERT INTO `users_communities` (`user_id`, `community_id`) VALUES ('1160', '43');
INSERT INTO `users_communities` (`user_id`, `community_id`) VALUES ('1163', '44');
INSERT INTO `users_communities` (`user_id`, `community_id`) VALUES ('1164', '45');
INSERT INTO `users_communities` (`user_id`, `community_id`) VALUES ('1165', '46');
INSERT INTO `users_communities` (`user_id`, `community_id`) VALUES ('1166', '47');
INSERT INTO `users_communities` (`user_id`, `community_id`) VALUES ('1167', '48');
INSERT INTO `users_communities` (`user_id`, `community_id`) VALUES ('1168', '49');
INSERT INTO `users_communities` (`user_id`, `community_id`) VALUES ('1169', '50');


